<?xml version="1.0" ?>
<routes xmlns:xsi="http://www.w3.org/2001/XMLSchema-instance" xsi:noNamespaceSchemaLocation="http://sumo.dlr.de/xsd/routes_file.xsd">
    <vType id="evehicle" length="2.88" minGap="2.50" maxSpeed="12.5" vClass="evehicle" emissionClass="Energy/default" accel="1.0" decel="1.0" sigma="0.0">
        <param key="airDragCoefficient" value="0.48"/>
        <param key="constantPowerIntake" value="100"/>
        <param key="device.battery.capacity" value="3000"/>
        <param key="device.battery.chargeLevel" value="3000"/>
        <param key="device.battery.stoppingThreshold" value="0.1"/>
        <param key="engine.efficiency" value="0.8"/>
        <param key="frontSurfaceArea" value="2.3"/>
        <param key="engine.power.max" value="1000"/>
        <param key="has.battery.device" value="true"/>
        <param key="mass" value="1000"/>
        <param key="propulsionEfficiency" value="0.9"/>
        <param key="radialDragCoefficient" value="0.5"/>
        <param key="recuperationEfficiency" value="0.9"/>
        <param key="rollDragCoefficient" value="0.01"/>
        <param key="rotatingMass" value="0.01"/>
    </vType>
    <vehicle id="veh0" type="evehicle" depart="5.11" color="red">
        <param key="device.battery.chargeLevel" value="3000"/>
        <route edges="-698869618 -698869617#1 -698869617#0 -368620842#8 212712101#1 212712101#3 212712101#4 369625682#11 369625682#12 369625682#13 369625682#14 369628890#8 369628890#9 369628890#10 369628890#11 369628890#12 369628890#13 212712098#0 212712098#1 368620842#0 212712097#0 212712097#1 -212712099#3 -212712099#2 -212712099#1 212712099#1.156 212712099#2 212712099#3 -212712097#1 -212712097#0 368620842#1 368620842#2 368620842#4 368620842#5 368620842#6 368620842#8 698869617#0 698869617#1 698869618 -698869618"/>
        <stop chargingStation="cs5" duration="0"/>
        <stop containerStop="31" duration="120"/>
        <stop containerStop="119" duration="120"/>
        <stop containerStop="34" duration="240"/>
        <stop containerStop="24" duration="120"/>
        <stop containerStop="22A" duration="240"/>
        <stop chargingStation="cs5" duration="0"/>
    </vehicle>
    <vehicle id="veh1" type="evehicle" depart="5.11" color="red">
        <param key="device.battery.chargeLevel" value="3000"/>
        <route edges="-698869618 -698869617#1 -698869617#0 -368620842#8 -368620842#6 -368620842#5 -368620842#4 -212712083#7 -212712083#5 -212712083#4 212712083#4 -212712083#4 -212712083#3 -212712083#1 -212712119#7.29 E17 -727290765#0 212712097#9 212712097#10 212712097#11 212712097#12 212712097#13 212712097#14 212712097#15 212712097#16 -642121509#2 -642121509#1 -642121509#0 -642121509#0.42 212712085#1.130 642121509#0 727290764 -727290763#0 212712097#21 371317618 -371317618 212712097#22 212712097#23 374420990 697983200 E1 697983203 1060234726#2 697983206#0 697983206#1 697983206#2 697983206#3 697983206#4 373178346#0 373178346#1 -373178346#1 -373178346#0 697983206#5 369625684#4 369625684#1 212712098#0 212712098#1 368620842#0 368620842#1 368620842#2 368620842#4 368620842#5 368620842#6 368620842#8 698869617#0 698869617#1 698869618 -698869618"/>
        <stop chargingStation="cs5" duration="0"/>
        <stop containerStop="45" duration="180"/>
        <stop containerStop="13" duration="120"/>
        <stop containerStop="14" duration="120"/>
        <stop chargingStation="cs8" duration="280.69379999999995"/>
        <stop containerStop="113" duration="100"/>
        <stop containerStop="26" duration="120"/>
        <stop chargingStation="cs5" duration="0"/>
    </vehicle>
</routes>
