<?xml version="1.0" ?>
<Route4Plan xmlns:xsi="http://www.w3.org/2001/XMLSchema-instance">
    <Solution Name="newesoguv32-c10-ds1" ProblemType="CEVRP" ObjectiveFunction="MinDistance" ChargingStrategy="FullCharge" NumberOfCustomers="10" BatteryCapacity="3000" MaxSpeed="12.5" VehicleMass="1000" MaximumLoadCapacityVolume="0" MaximumLoadCapacityKg="350" BatteryRechargingRate="0.18" EnergyConsumptionRate="1.0">
        <PerformanceMeasure>
            <Runtime>0.4530782699584961</Runtime>
            <StartTime>0</StartTime>
            <TotalDistance>5645.719999999999</TotalDistance>
            <TotalDuration>4768.7754</TotalDuration>
            <TotalEnergyConsumption>561.8299999999999</TotalEnergyConsumption>
            <TotalTardiness>6744.392400000001</TotalTardiness>
            <TotalChargingTime>280.69379999999995</TotalChargingTime>
            <NumberOfNodes>15</NumberOfNodes>
            <NumberOfServedCustomers>10</NumberOfServedCustomers>
            <NumberOfChargeStation>1</NumberOfChargeStation>
        </PerformanceMeasure>
        <Routes>
            <Route RouteId="Route 1" VehicleId="Vehicle 1" DriverId="Driver 1">
                <PerformanceMeasure>
                    <StartTime>0</StartTime>
                    <RouteDistance>2376.24</RouteDistance>
                    <RouteDuration>2369.6648</RouteDuration>
                    <RouteEnergyConsumption>182.45999999999998</RouteEnergyConsumption>
                    <RouteTardiness>4255.0136</RouteTardiness>
                    <RouteChargingTime>0</RouteChargingTime>
                    <NumberOfNodes>7</NumberOfNodes>
                    <NumberOfChargeStation>0</NumberOfChargeStation>
                </PerformanceMeasure>
                <Nodes>
                    <Node NodeId="cs5" NodeType="Depot">
                        <Location>
                            <Latitude>39.751377</Latitude>
                            <Longitude>30.481888</Longitude>
                            <Elevation>0</Elevation>
                        </Location>
                        <ServiceInformation>
                            <ReadyTime>0</ReadyTime>
                            <WaitingTime>0</WaitingTime>
                            <ServiceTime>0</ServiceTime>
                            <DueDate>0</DueDate>
                            <ArrivalTime>0</ArrivalTime>
                        </ServiceInformation>
                        <LoadInformation>
                            <Weight>0</Weight>
                            <Volume>0</Volume>
                            <Units>0</Units>
                        </LoadInformation>
                        <PerformanceMeasure>
                            <AccDistance>0</AccDistance>
                            <AccDuration>0</AccDuration>
                            <AccEnergy>0</AccEnergy>
                            <AccTardiness>0</AccTardiness>
                            <RemainingCharge>3000</RemainingCharge>
                            <RemainingCapacity>
                                <Volume>0</Volume>
                                <Weight>0</Weight>
                            </RemainingCapacity>
                            <RemainingPayload>
                                <Volume>0</Volume>
                                <Weight>350</Weight>
                            </RemainingPayload>
                        </PerformanceMeasure>
                    </Node>
                    <Node NodeId="31" NodeType="Customer">
                        <Location>
                            <Latitude>39.752940711050194</Latitude>
                            <Longitude>30.48307218165666</Longitude>
                            <Elevation>0</Elevation>
                        </Location>
                        <ServiceInformation>
                            <ReadyTime>1372</ReadyTime>
                            <WaitingTime>1339.5656</WaitingTime>
                            <ServiceTime>120</ServiceTime>
                            <DueDate>1448</DueDate>
                            <ArrivalTime>32.434400000000004</ArrivalTime>
                        </ServiceInformation>
                        <LoadInformation>
                            <Weight>57</Weight>
                            <Volume>0</Volume>
                            <Units>3</Units>
                        </LoadInformation>
                        <PerformanceMeasure>
                            <AccDistance>405.43</AccDistance>
                            <AccDuration>1492.0</AccDuration>
                            <AccEnergy>31.72</AccEnergy>
                            <AccTardiness>0</AccTardiness>
                            <RemainingCharge>2594.57</RemainingCharge>
                            <RemainingCapacity>
                                <Volume>0</Volume>
                                <Weight>57.0</Weight>
                            </RemainingCapacity>
                            <RemainingPayload>
                                <Volume>0</Volume>
                                <Weight>293</Weight>
                            </RemainingPayload>
                        </PerformanceMeasure>
                    </Node>
                    <Node NodeId="119" NodeType="Customer">
                        <Location>
                            <Latitude>39.75296835298104</Latitude>
                            <Longitude>30.48642990735077</Longitude>
                            <Elevation>0</Elevation>
                        </Location>
                        <ServiceInformation>
                            <ReadyTime>858</ReadyTime>
                            <WaitingTime>1339.5656</WaitingTime>
                            <ServiceTime>120</ServiceTime>
                            <DueDate>906</DueDate>
                            <ArrivalTime>1539.9264</ArrivalTime>
                        </ServiceInformation>
                        <LoadInformation>
                            <Weight>95</Weight>
                            <Volume>0</Volume>
                            <Units>5</Units>
                        </LoadInformation>
                        <PerformanceMeasure>
                            <AccDistance>1004.51</AccDistance>
                            <AccDuration>1659.9264</AccDuration>
                            <AccEnergy>70.25</AccEnergy>
                            <AccTardiness>633.9264000000001</AccTardiness>
                            <RemainingCharge>1995.4900000000002</RemainingCharge>
                            <RemainingCapacity>
                                <Volume>0</Volume>
                                <Weight>152.0</Weight>
                            </RemainingCapacity>
                            <RemainingPayload>
                                <Volume>0</Volume>
                                <Weight>198</Weight>
                            </RemainingPayload>
                        </PerformanceMeasure>
                    </Node>
                    <Node NodeId="34" NodeType="Customer">
                        <Location>
                            <Latitude>39.75298331855789</Latitude>
                            <Longitude>30.48744815284683</Longitude>
                            <Elevation>0</Elevation>
                        </Location>
                        <ServiceInformation>
                            <ReadyTime>34</ReadyTime>
                            <WaitingTime>1339.5656</WaitingTime>
                            <ServiceTime>240</ServiceTime>
                            <DueDate>78</DueDate>
                            <ArrivalTime>1666.9168</ArrivalTime>
                        </ServiceInformation>
                        <LoadInformation>
                            <Weight>38</Weight>
                            <Volume>0</Volume>
                            <Units>2</Units>
                        </LoadInformation>
                        <PerformanceMeasure>
                            <AccDistance>1091.8899999999999</AccDistance>
                            <AccDuration>1906.9168</AccDuration>
                            <AccEnergy>74.15</AccEnergy>
                            <AccTardiness>2222.8432000000003</AccTardiness>
                            <RemainingCharge>1908.1100000000001</RemainingCharge>
                            <RemainingCapacity>
                                <Volume>0</Volume>
                                <Weight>190.0</Weight>
                            </RemainingCapacity>
                            <RemainingPayload>
                                <Volume>0</Volume>
                                <Weight>160</Weight>
                            </RemainingPayload>
                        </PerformanceMeasure>
                    </Node>
                    <Node NodeId="24" NodeType="Customer">
                        <Location>
                            <Latitude>39.75075840001727</Latitude>
                            <Longitude>30.48876465362253</Longitude>
                            <Elevation>0</Elevation>
                        </Location>
                        <ServiceInformation>
                            <ReadyTime>366</ReadyTime>
                            <WaitingTime>1339.5656</WaitingTime>
                            <ServiceTime>120</ServiceTime>
                            <DueDate>427</DueDate>
                            <ArrivalTime>1937.1632</ArrivalTime>
                        </ServiceInformation>
                        <LoadInformation>
                            <Weight>38</Weight>
                            <Volume>0</Volume>
                            <Units>2</Units>
                        </LoadInformation>
                        <PerformanceMeasure>
                            <AccDistance>1469.9699999999998</AccDistance>
                            <AccDuration>2057.1632</AccDuration>
                            <AccEnergy>127.88</AccEnergy>
                            <AccTardiness>3733.0064</AccTardiness>
                            <RemainingCharge>1530.0300000000002</RemainingCharge>
                            <RemainingCapacity>
                                <Volume>0</Volume>
                                <Weight>228.0</Weight>
                            </RemainingCapacity>
                            <RemainingPayload>
                                <Volume>0</Volume>
                                <Weight>122</Weight>
                            </RemainingPayload>
                        </PerformanceMeasure>
                    </Node>
                    <Node NodeId="22A" NodeType="Customer">
                        <Location>
                            <Latitude>39.75073912772263</Latitude>
                            <Longitude>30.489428025110282</Longitude>
                            <Elevation>0</Elevation>
                        </Location>
                        <ServiceInformation>
                            <ReadyTime>1476</ReadyTime>
                            <WaitingTime>1339.5656</WaitingTime>
                            <ServiceTime>240</ServiceTime>
                            <DueDate>1540</DueDate>
                            <ArrivalTime>2062.0072</ArrivalTime>
                        </ServiceInformation>
                        <LoadInformation>
                            <Weight>95</Weight>
                            <Volume>0</Volume>
                            <Units>5</Units>
                        </LoadInformation>
                        <PerformanceMeasure>
                            <AccDistance>1530.5199999999998</AccDistance>
                            <AccDuration>2302.0072</AccDuration>
                            <AccEnergy>127.74</AccEnergy>
                            <AccTardiness>4255.0136</AccTardiness>
                            <RemainingCharge>1469.4800000000002</RemainingCharge>
                            <RemainingCapacity>
                                <Volume>0</Volume>
                                <Weight>323.0</Weight>
                            </RemainingCapacity>
                            <RemainingPayload>
                                <Volume>0</Volume>
                                <Weight>27</Weight>
                            </RemainingPayload>
                        </PerformanceMeasure>
                    </Node>
                    <Node NodeId="cs5" NodeType="Depot">
                        <Location>
                            <Latitude>39.751377</Latitude>
                            <Longitude>30.481888</Longitude>
                            <Elevation>0</Elevation>
                        </Location>
                        <ServiceInformation>
                            <ReadyTime>0</ReadyTime>
                            <WaitingTime>0</WaitingTime>
                            <ServiceTime>0</ServiceTime>
                            <DueDate>0</DueDate>
                            <ArrivalTime>2369.6648</ArrivalTime>
                        </ServiceInformation>
                        <LoadInformation>
                            <Weight>0</Weight>
                            <Volume>0</Volume>
                            <Units>0</Units>
                        </LoadInformation>
                        <PerformanceMeasure>
                            <AccDistance>2376.24</AccDistance>
                            <AccDuration>2369.6648</AccDuration>
                            <AccEnergy>182.45999999999998</AccEnergy>
                            <AccTardiness>4255.0136</AccTardiness>
                            <RemainingCharge>623.7600000000002</RemainingCharge>
                            <RemainingCapacity>
                                <Volume>0</Volume>
                                <Weight>323.0</Weight>
                            </RemainingCapacity>
                            <RemainingPayload>
                                <Volume>0</Volume>
                                <Weight>27</Weight>
                            </RemainingPayload>
                        </PerformanceMeasure>
                    </Node>
                </Nodes>
            </Route>
            <Route RouteId="Route 2" VehicleId="Vehicle 2" DriverId="Driver 2">
                <PerformanceMeasure>
                    <StartTime>2369.6648</StartTime>
                    <RouteDistance>3269.48</RouteDistance>
                    <RouteDuration>2399.1106000000004</RouteDuration>
                    <RouteEnergyConsumption>379.37</RouteEnergyConsumption>
                    <RouteTardiness>2489.3788000000004</RouteTardiness>
                    <RouteChargingTime>280.69379999999995</RouteChargingTime>
                    <NumberOfNodes>8</NumberOfNodes>
                    <NumberOfChargeStation>1</NumberOfChargeStation>
                </PerformanceMeasure>
                <Nodes>
                    <Node NodeId="cs5" NodeType="Depot">
                        <Location>
                            <Latitude>39.751377</Latitude>
                            <Longitude>30.481888</Longitude>
                            <Elevation>0</Elevation>
                        </Location>
                        <ServiceInformation>
                            <ReadyTime>0</ReadyTime>
                            <WaitingTime>0</WaitingTime>
                            <ServiceTime>0</ServiceTime>
                            <DueDate>0</DueDate>
                            <ArrivalTime>0</ArrivalTime>
                        </ServiceInformation>
                        <LoadInformation>
                            <Weight>0</Weight>
                            <Volume>0</Volume>
                            <Units>0</Units>
                        </LoadInformation>
                        <PerformanceMeasure>
                            <AccDistance>0</AccDistance>
                            <AccDuration>0</AccDuration>
                            <AccEnergy>0</AccEnergy>
                            <AccTardiness>0</AccTardiness>
                            <RemainingCharge>3000</RemainingCharge>
                            <RemainingCapacity>
                                <Volume>0</Volume>
                                <Weight>0</Weight>
                            </RemainingCapacity>
                            <RemainingPayload>
                                <Volume>0</Volume>
                                <Weight>350</Weight>
                            </RemainingPayload>
                        </PerformanceMeasure>
                    </Node>
                    <Node NodeId="45" NodeType="Customer">
                        <Location>
                            <Latitude>39.750766906930814</Latitude>
                            <Longitude>30.486305858422877</Longitude>
                            <Elevation>0</Elevation>
                        </Location>
                        <ServiceInformation>
                            <ReadyTime>996</ReadyTime>
                            <WaitingTime>954.9832</WaitingTime>
                            <ServiceTime>180</ServiceTime>
                            <DueDate>1064</DueDate>
                            <ArrivalTime>41.0168</ArrivalTime>
                        </ServiceInformation>
                        <LoadInformation>
                            <Weight>38</Weight>
                            <Volume>0</Volume>
                            <Units>2</Units>
                        </LoadInformation>
                        <PerformanceMeasure>
                            <AccDistance>512.71</AccDistance>
                            <AccDuration>1176.0</AccDuration>
                            <AccEnergy>51.72</AccEnergy>
                            <AccTardiness>0</AccTardiness>
                            <RemainingCharge>2487.29</RemainingCharge>
                            <RemainingCapacity>
                                <Volume>0</Volume>
                                <Weight>38.0</Weight>
                            </RemainingCapacity>
                            <RemainingPayload>
                                <Volume>0</Volume>
                                <Weight>312</Weight>
                            </RemainingPayload>
                        </PerformanceMeasure>
                    </Node>
                    <Node NodeId="13" NodeType="Customer">
                        <Location>
                            <Latitude>39.75071222428621</Latitude>
                            <Longitude>30.491328732190222</Longitude>
                            <Elevation>0</Elevation>
                        </Location>
                        <ServiceInformation>
                            <ReadyTime>1362</ReadyTime>
                            <WaitingTime>1079.3272000000002</WaitingTime>
                            <ServiceTime>120</ServiceTime>
                            <DueDate>1437</DueDate>
                            <ArrivalTime>1237.656</ArrivalTime>
                        </ServiceInformation>
                        <LoadInformation>
                            <Weight>38</Weight>
                            <Volume>0</Volume>
                            <Units>2</Units>
                        </LoadInformation>
                        <PerformanceMeasure>
                            <AccDistance>1283.41</AccDistance>
                            <AccDuration>1482.0</AccDuration>
                            <AccEnergy>147.42000000000002</AccEnergy>
                            <AccTardiness>0</AccTardiness>
                            <RemainingCharge>1716.59</RemainingCharge>
                            <RemainingCapacity>
                                <Volume>0</Volume>
                                <Weight>76.0</Weight>
                            </RemainingCapacity>
                            <RemainingPayload>
                                <Volume>0</Volume>
                                <Weight>274</Weight>
                            </RemainingPayload>
                        </PerformanceMeasure>
                    </Node>
                    <Node NodeId="14" NodeType="Customer">
                        <Location>
                            <Latitude>39.75043628839028</Latitude>
                            <Longitude>30.49134030075124</Longitude>
                            <Elevation>0</Elevation>
                        </Location>
                        <ServiceInformation>
                            <ReadyTime>1622</ReadyTime>
                            <WaitingTime>1216.8584</WaitingTime>
                            <ServiceTime>120</ServiceTime>
                            <DueDate>1668</DueDate>
                            <ArrivalTime>1484.4688</ArrivalTime>
                        </ServiceInformation>
                        <LoadInformation>
                            <Weight>57</Weight>
                            <Volume>0</Volume>
                            <Units>3</Units>
                        </LoadInformation>
                        <PerformanceMeasure>
                            <AccDistance>1314.27</AccDistance>
                            <AccDuration>1742.0</AccDuration>
                            <AccEnergy>146.79000000000002</AccEnergy>
                            <AccTardiness>0</AccTardiness>
                            <RemainingCharge>1685.73</RemainingCharge>
                            <RemainingCapacity>
                                <Volume>0</Volume>
                                <Weight>133.0</Weight>
                            </RemainingCapacity>
                            <RemainingPayload>
                                <Volume>0</Volume>
                                <Weight>217</Weight>
                            </RemainingPayload>
                        </PerformanceMeasure>
                    </Node>
                    <Node NodeId="cs8" NodeType="ChargeStation">
                        <Location>
                            <Latitude>39.75085019506137</Latitude>
                            <Longitude>30.492754516229088</Longitude>
                            <Elevation>0</Elevation>
                        </Location>
                        <ServiceInformation>
                            <ReadyTime>0</ReadyTime>
                            <WaitingTime>0</WaitingTime>
                            <ServiceTime>280.69379999999995</ServiceTime>
                            <DueDate>0</DueDate>
                            <ArrivalTime>0</ArrivalTime>
                        </ServiceInformation>
                        <LoadInformation>
                            <Weight>0</Weight>
                            <Volume>0</Volume>
                            <Units>0</Units>
                        </LoadInformation>
                        <PerformanceMeasure>
                            <AccDistance>1559.4099999999999</AccDistance>
                            <AccDuration>2042.305</AccDuration>
                            <AccEnergy>174.43</AccEnergy>
                            <AccTardiness>0</AccTardiness>
                            <RemainingCharge>1440.5900000000001</RemainingCharge>
                            <RemainingCapacity>
                                <Volume>0</Volume>
                                <Weight>133.0</Weight>
                            </RemainingCapacity>
                            <RemainingPayload>
                                <Volume>0</Volume>
                                <Weight>217</Weight>
                            </RemainingPayload>
                        </PerformanceMeasure>
                    </Node>
                    <Node NodeId="113" NodeType="Customer">
                        <Location>
                            <Latitude>39.75308993647627</Latitude>
                            <Longitude>30.493415230335774</Longitude>
                            <Elevation>0</Elevation>
                        </Location>
                        <ServiceInformation>
                            <ReadyTime>1175</ReadyTime>
                            <WaitingTime>1216.8584</WaitingTime>
                            <ServiceTime>100</ServiceTime>
                            <DueDate>1248</DueDate>
                            <ArrivalTime>2065.1986</ArrivalTime>
                        </ServiceInformation>
                        <LoadInformation>
                            <Weight>38</Weight>
                            <Volume>0</Volume>
                            <Units>2</Units>
                        </LoadInformation>
                        <PerformanceMeasure>
                            <AccDistance>1845.58</AccDistance>
                            <AccDuration>2165.1986</AccDuration>
                            <AccEnergy>192.95000000000002</AccEnergy>
                            <AccTardiness>817.1986000000002</AccTardiness>
                            <RemainingCharge>2713.83</RemainingCharge>
                            <RemainingCapacity>
                                <Volume>0</Volume>
                                <Weight>171.0</Weight>
                            </RemainingCapacity>
                            <RemainingPayload>
                                <Volume>0</Volume>
                                <Weight>179</Weight>
                            </RemainingPayload>
                        </PerformanceMeasure>
                    </Node>
                    <Node NodeId="26" NodeType="Customer">
                        <Location>
                            <Latitude>39.753632440087195</Latitude>
                            <Longitude>30.489956322270203</Longitude>
                            <Elevation>0</Elevation>
                        </Location>
                        <ServiceInformation>
                            <ReadyTime>474</ReadyTime>
                            <WaitingTime>1216.8584</WaitingTime>
                            <ServiceTime>120</ServiceTime>
                            <DueDate>531</DueDate>
                            <ArrivalTime>2203.1802000000002</ArrivalTime>
                        </ServiceInformation>
                        <LoadInformation>
                            <Weight>76</Weight>
                            <Volume>0</Volume>
                            <Units>4</Units>
                        </LoadInformation>
                        <PerformanceMeasure>
                            <AccDistance>2320.35</AccDistance>
                            <AccDuration>2323.1802000000002</AccDuration>
                            <AccEnergy>249.91000000000003</AccEnergy>
                            <AccTardiness>2489.3788000000004</AccTardiness>
                            <RemainingCharge>2239.06</RemainingCharge>
                            <RemainingCapacity>
                                <Volume>0</Volume>
                                <Weight>247.0</Weight>
                            </RemainingCapacity>
                            <RemainingPayload>
                                <Volume>0</Volume>
                                <Weight>103</Weight>
                            </RemainingPayload>
                        </PerformanceMeasure>
                    </Node>
                    <Node NodeId="cs5" NodeType="Depot">
                        <Location>
                            <Latitude>39.751377</Latitude>
                            <Longitude>30.481888</Longitude>
                            <Elevation>0</Elevation>
                        </Location>
                        <ServiceInformation>
                            <ReadyTime>0</ReadyTime>
                            <WaitingTime>0</WaitingTime>
                            <ServiceTime>0</ServiceTime>
                            <DueDate>0</DueDate>
                            <ArrivalTime>2399.1106000000004</ArrivalTime>
                        </ServiceInformation>
                        <LoadInformation>
                            <Weight>0</Weight>
                            <Volume>0</Volume>
                            <Units>0</Units>
                        </LoadInformation>
                        <PerformanceMeasure>
                            <AccDistance>3269.48</AccDistance>
                            <AccDuration>2399.1106000000004</AccDuration>
                            <AccEnergy>379.37</AccEnergy>
                            <AccTardiness>2489.3788000000004</AccTardiness>
                            <RemainingCharge>1289.9299999999998</RemainingCharge>
                            <RemainingCapacity>
                                <Volume>0</Volume>
                                <Weight>247.0</Weight>
                            </RemainingCapacity>
                            <RemainingPayload>
                                <Volume>0</Volume>
                                <Weight>103</Weight>
                            </RemainingPayload>
                        </PerformanceMeasure>
                    </Node>
                </Nodes>
            </Route>
        </Routes>
    </Solution>
</Route4Plan>
