<?xml version="1.0" ?>
<routes xmlns:xsi="http://www.w3.org/2001/XMLSchema-instance" xsi:noNamespaceSchemaLocation="http://sumo.dlr.de/xsd/routes_file.xsd">
    <vType id="evehicle" length="2.88" minGap="2.50" maxSpeed="12.5" vClass="evehicle" emissionClass="Energy/default" accel="1.0" decel="1.0" sigma="0.0">
        <param key="airDragCoefficient" value="0.48"/>
        <param key="constantPowerIntake" value="100"/>
        <param key="device.battery.capacity" value="3000"/>
        <param key="device.battery.chargeLevel" value="3000"/>
        <param key="device.battery.stoppingThreshold" value="0.1"/>
        <param key="engine.efficiency" value="0.8"/>
        <param key="frontSurfaceArea" value="2.3"/>
        <param key="engine.power.max" value="1000"/>
        <param key="has.battery.device" value="true"/>
        <param key="mass" value="1000"/>
        <param key="propulsionEfficiency" value="0.9"/>
        <param key="radialDragCoefficient" value="0.5"/>
        <param key="recuperationEfficiency" value="0.9"/>
        <param key="rollDragCoefficient" value="0.01"/>
        <param key="rotatingMass" value="0.01"/>
    </vType>
    <vehicle id="veh0" type="evehicle" depart="5.11" color="red">
        <param key="device.battery.chargeLevel" value="3000"/>
        <route edges=""/>
        <stop chargingStation="cs5" duration="0"/>
        <stop containerStop="42B" duration="120"/>
        <stop containerStop="31" duration="120"/>
        <stop containerStop="32" duration="180"/>
        <stop containerStop="115" duration="180"/>
        <stop chargingStation="cs5" duration="0"/>
    </vehicle>
    <vehicle id="veh1" type="evehicle" depart="5.11" color="red">
        <param key="device.battery.chargeLevel" value="3000"/>
        <route edges=""/>
        <stop chargingStation="cs5" duration="0"/>
        <stop containerStop="75" duration="120"/>
        <stop chargingStation="cs5" duration="0"/>
    </vehicle>
</routes>
