<?xml version="1.0" ?>
<Route4Plan xmlns:xsi="http://www.w3.org/2001/XMLSchema-instance">
    <Solution Name="newesoguv32-rc05-ds1" ProblemType="CEVRP" ObjectiveFunction="MinTime" ChargingStrategy="FullCharge" NumberOfCustomers="5" BatteryCapacity="3000" MaxSpeed="12.5" VehicleMass="1000" MaximumLoadCapacityVolume="0" MaximumLoadCapacityKg="350" BatteryRechargingRate="0.18" EnergyConsumptionRate="1.0">
        <PerformanceMeasure>
            <Runtime>0.5174260139465332</Runtime>
            <StartTime>0</StartTime>
            <TotalDistance>5189.79</TotalDistance>
            <TotalDuration>2676.32</TotalDuration>
            <TotalEnergyConsumption>619.21</TotalEnergyConsumption>
            <TotalTardiness>416.2567999999999</TotalTardiness>
            <TotalChargingTime>0</TotalChargingTime>
            <NumberOfNodes>9</NumberOfNodes>
            <NumberOfServedCustomers>5</NumberOfServedCustomers>
            <NumberOfChargeStation>0</NumberOfChargeStation>
        </PerformanceMeasure>
        <Routes>
            <Route RouteId="Route 1" VehicleId="Vehicle 1" DriverId="Driver 1">
                <PerformanceMeasure>
                    <StartTime>0</StartTime>
                    <RouteDistance>2995.95</RouteDistance>
                    <RouteDuration>2043.4192</RouteDuration>
                    <RouteEnergyConsumption>324.22</RouteEnergyConsumption>
                    <RouteTardiness>416.2567999999999</RouteTardiness>
                    <RouteChargingTime>0</RouteChargingTime>
                    <NumberOfNodes>6</NumberOfNodes>
                    <NumberOfChargeStation>0</NumberOfChargeStation>
                </PerformanceMeasure>
                <Nodes>
                    <Node NodeId="cs5" NodeType="Depot">
                        <Location>
                            <Latitude>39.751377</Latitude>
                            <Longitude>30.481888</Longitude>
                            <Elevation>0</Elevation>
                        </Location>
                        <ServiceInformation>
                            <ReadyTime>0</ReadyTime>
                            <WaitingTime>0</WaitingTime>
                            <ServiceTime>0</ServiceTime>
                            <DueDate>0</DueDate>
                            <ArrivalTime>0</ArrivalTime>
                        </ServiceInformation>
                        <LoadInformation>
                            <Weight>0</Weight>
                            <Volume>0</Volume>
                            <Units>0</Units>
                        </LoadInformation>
                        <PerformanceMeasure>
                            <AccDistance>0</AccDistance>
                            <AccDuration>0</AccDuration>
                            <AccEnergy>0</AccEnergy>
                            <AccTardiness>0</AccTardiness>
                            <RemainingCharge>3000</RemainingCharge>
                            <RemainingCapacity>
                                <Volume>0</Volume>
                                <Weight>0</Weight>
                            </RemainingCapacity>
                            <RemainingPayload>
                                <Volume>0</Volume>
                                <Weight>350</Weight>
                            </RemainingPayload>
                        </PerformanceMeasure>
                    </Node>
                    <Node NodeId="42B" NodeType="Customer">
                        <Location>
                            <Latitude>39.752332547967136</Latitude>
                            <Longitude>30.481199405139684</Longitude>
                            <Elevation>0</Elevation>
                        </Location>
                        <ServiceInformation>
                            <ReadyTime>649</ReadyTime>
                            <WaitingTime>620.0888</WaitingTime>
                            <ServiceTime>120</ServiceTime>
                            <DueDate>729</DueDate>
                            <ArrivalTime>28.911199999999997</ArrivalTime>
                        </ServiceInformation>
                        <LoadInformation>
                            <Weight>95</Weight>
                            <Volume>0</Volume>
                            <Units>5</Units>
                        </LoadInformation>
                        <PerformanceMeasure>
                            <AccDistance>361.39</AccDistance>
                            <AccDuration>769.0</AccDuration>
                            <AccEnergy>22.7</AccEnergy>
                            <AccTardiness>0</AccTardiness>
                            <RemainingCharge>2638.61</RemainingCharge>
                            <RemainingCapacity>
                                <Volume>0</Volume>
                                <Weight>95.0</Weight>
                            </RemainingCapacity>
                            <RemainingPayload>
                                <Volume>0</Volume>
                                <Weight>255</Weight>
                            </RemainingPayload>
                        </PerformanceMeasure>
                    </Node>
                    <Node NodeId="31" NodeType="Customer">
                        <Location>
                            <Latitude>39.752940711050194</Latitude>
                            <Longitude>30.48307218165666</Longitude>
                            <Elevation>0</Elevation>
                        </Location>
                        <ServiceInformation>
                            <ReadyTime>1372</ReadyTime>
                            <WaitingTime>1203.7432</WaitingTime>
                            <ServiceTime>120</ServiceTime>
                            <DueDate>1448</DueDate>
                            <ArrivalTime>788.3456</ArrivalTime>
                        </ServiceInformation>
                        <LoadInformation>
                            <Weight>57</Weight>
                            <Volume>0</Volume>
                            <Units>3</Units>
                        </LoadInformation>
                        <PerformanceMeasure>
                            <AccDistance>603.21</AccDistance>
                            <AccDuration>1492.0</AccDuration>
                            <AccEnergy>53.96</AccEnergy>
                            <AccTardiness>0</AccTardiness>
                            <RemainingCharge>2396.79</RemainingCharge>
                            <RemainingCapacity>
                                <Volume>0</Volume>
                                <Weight>152.0</Weight>
                            </RemainingCapacity>
                            <RemainingPayload>
                                <Volume>0</Volume>
                                <Weight>198</Weight>
                            </RemainingPayload>
                        </PerformanceMeasure>
                    </Node>
                    <Node NodeId="32" NodeType="Customer">
                        <Location>
                            <Latitude>39.75248734145033</Latitude>
                            <Longitude>30.488123296873173</Longitude>
                            <Elevation>0</Elevation>
                        </Location>
                        <ServiceInformation>
                            <ReadyTime>1322</ReadyTime>
                            <WaitingTime>1203.7432</WaitingTime>
                            <ServiceTime>180</ServiceTime>
                            <DueDate>1378</DueDate>
                            <ArrivalTime>1555.1696</ArrivalTime>
                        </ServiceInformation>
                        <LoadInformation>
                            <Weight>76</Weight>
                            <Volume>0</Volume>
                            <Units>4</Units>
                        </LoadInformation>
                        <PerformanceMeasure>
                            <AccDistance>1392.83</AccDistance>
                            <AccDuration>1735.1696</AccDuration>
                            <AccEnergy>123.59</AccEnergy>
                            <AccTardiness>177.16959999999995</AccTardiness>
                            <RemainingCharge>1607.17</RemainingCharge>
                            <RemainingCapacity>
                                <Volume>0</Volume>
                                <Weight>228.0</Weight>
                            </RemainingCapacity>
                            <RemainingPayload>
                                <Volume>0</Volume>
                                <Weight>122</Weight>
                            </RemainingPayload>
                        </PerformanceMeasure>
                    </Node>
                    <Node NodeId="115" NodeType="Customer">
                        <Location>
                            <Latitude>39.7523728688112</Latitude>
                            <Longitude>30.49019735592993</Longitude>
                            <Elevation>0</Elevation>
                        </Location>
                        <ServiceInformation>
                            <ReadyTime>1459</ReadyTime>
                            <WaitingTime>1203.7432</WaitingTime>
                            <ServiceTime>180</ServiceTime>
                            <DueDate>1531</DueDate>
                            <ArrivalTime>1770.0872</ArrivalTime>
                        </ServiceInformation>
                        <LoadInformation>
                            <Weight>76</Weight>
                            <Volume>0</Volume>
                            <Units>4</Units>
                        </LoadInformation>
                        <PerformanceMeasure>
                            <AccDistance>1829.3</AccDistance>
                            <AccDuration>1950.0872</AccDuration>
                            <AccEnergy>184.86</AccEnergy>
                            <AccTardiness>416.2567999999999</AccTardiness>
                            <RemainingCharge>1170.7</RemainingCharge>
                            <RemainingCapacity>
                                <Volume>0</Volume>
                                <Weight>304.0</Weight>
                            </RemainingCapacity>
                            <RemainingPayload>
                                <Volume>0</Volume>
                                <Weight>46</Weight>
                            </RemainingPayload>
                        </PerformanceMeasure>
                    </Node>
                    <Node NodeId="cs5" NodeType="Depot">
                        <Location>
                            <Latitude>39.751377</Latitude>
                            <Longitude>30.481888</Longitude>
                            <Elevation>0</Elevation>
                        </Location>
                        <ServiceInformation>
                            <ReadyTime>0</ReadyTime>
                            <WaitingTime>0</WaitingTime>
                            <ServiceTime>0</ServiceTime>
                            <DueDate>0</DueDate>
                            <ArrivalTime>2043.4192</ArrivalTime>
                        </ServiceInformation>
                        <LoadInformation>
                            <Weight>0</Weight>
                            <Volume>0</Volume>
                            <Units>0</Units>
                        </LoadInformation>
                        <PerformanceMeasure>
                            <AccDistance>2995.95</AccDistance>
                            <AccDuration>2043.4192</AccDuration>
                            <AccEnergy>324.22</AccEnergy>
                            <AccTardiness>416.2567999999999</AccTardiness>
                            <RemainingCharge>4.0499999999999545</RemainingCharge>
                            <RemainingCapacity>
                                <Volume>0</Volume>
                                <Weight>304.0</Weight>
                            </RemainingCapacity>
                            <RemainingPayload>
                                <Volume>0</Volume>
                                <Weight>46</Weight>
                            </RemainingPayload>
                        </PerformanceMeasure>
                    </Node>
                </Nodes>
            </Route>
            <Route RouteId="Route 2" VehicleId="Vehicle 2" DriverId="Driver 2">
                <PerformanceMeasure>
                    <StartTime>2043.4192</StartTime>
                    <RouteDistance>2193.84</RouteDistance>
                    <RouteDuration>632.9008</RouteDuration>
                    <RouteEnergyConsumption>294.99</RouteEnergyConsumption>
                    <RouteTardiness>0</RouteTardiness>
                    <RouteChargingTime>0</RouteChargingTime>
                    <NumberOfNodes>3</NumberOfNodes>
                    <NumberOfChargeStation>0</NumberOfChargeStation>
                </PerformanceMeasure>
                <Nodes>
                    <Node NodeId="cs5" NodeType="Depot">
                        <Location>
                            <Latitude>39.751377</Latitude>
                            <Longitude>30.481888</Longitude>
                            <Elevation>0</Elevation>
                        </Location>
                        <ServiceInformation>
                            <ReadyTime>0</ReadyTime>
                            <WaitingTime>0</WaitingTime>
                            <ServiceTime>0</ServiceTime>
                            <DueDate>0</DueDate>
                            <ArrivalTime>0</ArrivalTime>
                        </ServiceInformation>
                        <LoadInformation>
                            <Weight>0</Weight>
                            <Volume>0</Volume>
                            <Units>0</Units>
                        </LoadInformation>
                        <PerformanceMeasure>
                            <AccDistance>0</AccDistance>
                            <AccDuration>0</AccDuration>
                            <AccEnergy>0</AccEnergy>
                            <AccTardiness>0</AccTardiness>
                            <RemainingCharge>3000</RemainingCharge>
                            <RemainingCapacity>
                                <Volume>0</Volume>
                                <Weight>0</Weight>
                            </RemainingCapacity>
                            <RemainingPayload>
                                <Volume>0</Volume>
                                <Weight>350</Weight>
                            </RemainingPayload>
                        </PerformanceMeasure>
                    </Node>
                    <Node NodeId="75" NodeType="Customer">
                        <Location>
                            <Latitude>39.74723261752125</Latitude>
                            <Longitude>30.473770350543482</Longitude>
                            <Elevation>0</Elevation>
                        </Location>
                        <ServiceInformation>
                            <ReadyTime>424</ReadyTime>
                            <WaitingTime>337.3936</WaitingTime>
                            <ServiceTime>120</ServiceTime>
                            <DueDate>487</DueDate>
                            <ArrivalTime>86.6064</ArrivalTime>
                        </ServiceInformation>
                        <LoadInformation>
                            <Weight>38</Weight>
                            <Volume>0</Volume>
                            <Units>2</Units>
                        </LoadInformation>
                        <PerformanceMeasure>
                            <AccDistance>1082.58</AccDistance>
                            <AccDuration>544.0</AccDuration>
                            <AccEnergy>154.03</AccEnergy>
                            <AccTardiness>0</AccTardiness>
                            <RemainingCharge>1917.42</RemainingCharge>
                            <RemainingCapacity>
                                <Volume>0</Volume>
                                <Weight>38.0</Weight>
                            </RemainingCapacity>
                            <RemainingPayload>
                                <Volume>0</Volume>
                                <Weight>312</Weight>
                            </RemainingPayload>
                        </PerformanceMeasure>
                    </Node>
                    <Node NodeId="cs5" NodeType="Depot">
                        <Location>
                            <Latitude>39.751377</Latitude>
                            <Longitude>30.481888</Longitude>
                            <Elevation>0</Elevation>
                        </Location>
                        <ServiceInformation>
                            <ReadyTime>0</ReadyTime>
                            <WaitingTime>0</WaitingTime>
                            <ServiceTime>0</ServiceTime>
                            <DueDate>0</DueDate>
                            <ArrivalTime>632.9008</ArrivalTime>
                        </ServiceInformation>
                        <LoadInformation>
                            <Weight>0</Weight>
                            <Volume>0</Volume>
                            <Units>0</Units>
                        </LoadInformation>
                        <PerformanceMeasure>
                            <AccDistance>2193.84</AccDistance>
                            <AccDuration>632.9008</AccDuration>
                            <AccEnergy>294.99</AccEnergy>
                            <AccTardiness>0</AccTardiness>
                            <RemainingCharge>806.1600000000001</RemainingCharge>
                            <RemainingCapacity>
                                <Volume>0</Volume>
                                <Weight>38.0</Weight>
                            </RemainingCapacity>
                            <RemainingPayload>
                                <Volume>0</Volume>
                                <Weight>312</Weight>
                            </RemainingPayload>
                        </PerformanceMeasure>
                    </Node>
                </Nodes>
            </Route>
        </Routes>
    </Solution>
</Route4Plan>
