{
    "routes": [
        {
            "id": 0,
            "name": "test_newesoguv32-rc05-ds1",
            "start_point": {
                "id": "cs5",
                "location": {
                    "latitude": 39.751377,
                    "longitude": 30.481888
                },
                "waypoints": []
            },
            "end_point": {
                "id": "cs5",
                "location": {
                    "latitude": 39.751377,
                    "longitude": 30.481888
                },
                "waypoints": []
            },
            "delivery_points": [
                {
                    "id": "42B",
                    "location": {
                        "latitude": 39.752332547967136,
                        "longitude": 30.481199405139684
                    },
                    "waypoints": []
                },
                {
                    "id": "31",
                    "location": {
                        "latitude": 39.752940711050194,
                        "longitude": 30.48307218165666
                    },
                    "waypoints": []
                },
                {
                    "id": "32",
                    "location": {
                        "latitude": 39.75248734145033,
                        "longitude": 30.488123296873173
                    },
                    "waypoints": []
                },
                {
                    "id": "115",
                    "location": {
                        "latitude": 39.7523728688112,
                        "longitude": 30.49019735592993
                    },
                    "waypoints": []
                }
            ]
        },
        {
            "id": 1,
            "name": "test_newesoguv32-rc05-ds1",
            "start_point": {
                "id": "cs5",
                "location": {
                    "latitude": 39.751377,
                    "longitude": 30.481888
                },
                "waypoints": []
            },
            "end_point": {
                "id": "cs5",
                "location": {
                    "latitude": 39.751377,
                    "longitude": 30.481888
                },
                "waypoints": []
            },
            "delivery_points": [
                {
                    "id": "75",
                    "location": {
                        "latitude": 39.74723261752125,
                        "longitude": 30.473770350543482
                    },
                    "waypoints": []
                }
            ]
        }
    ]
}