{
    "routes": [
        {
            "id": 0,
            "name": "test_newesoguv32-c05-ds1",
            "start_point": {
                "id": "cs5",
                "location": {
                    "latitude": 39.751377,
                    "longitude": 30.481888
                },
                "waypoints": [
                    {
                        "location": {
                            "latitude": 39.75146312401697,
                            "longitude": 30.481972175568906
                        }
                    },
                    {
                        "location": {
                            "latitude": 39.75143092559329,
                            "longitude": 30.481933084209388
                        }
                    },
                    {
                        "location": {
                            "latitude": 39.751373290154994,
                            "longitude": 30.48188418245822
                        }
                    },
                    {
                        "location": {
                            "latitude": 39.75131575595564,
                            "longitude": 30.481839945426064
                        }
                    },
                    {
                        "location": {
                            "latitude": 39.75130333958483,
                            "longitude": 30.48182405864984
                        }
                    },
                    {
                        "location": {
                            "latitude": 39.75124376511115,
                            "longitude": 30.481789582815857
                        }
                    },
                    {
                        "location": {
                            "latitude": 39.751200030629015,
                            "longitude": 30.481791759772264
                        }
                    },
                    {
                        "location": {
                            "latitude": 39.75114072866773,
                            "longitude": 30.481794737321405
                        }
                    },
                    {
                        "location": {
                            "latitude": 39.751138928373905,
                            "longitude": 30.481794802912766
                        }
                    },
                    {
                        "location": {
                            "latitude": 39.75107941920095,
                            "longitude": 30.481883684944666
                        }
                    },
                    {
                        "location": {
                            "latitude": 39.75110535056606,
                            "longitude": 30.48216528990301
                        }
                    },
                    {
                        "location": {
                            "latitude": 39.751131673185796,
                            "longitude": 30.482473256817748
                        }
                    },
                    {
                        "location": {
                            "latitude": 39.75116830669597,
                            "longitude": 30.48296583059279
                        }
                    },
                    {
                        "location": {
                            "latitude": 39.75121557047139,
                            "longitude": 30.483549867121226
                        }
                    },
                    {
                        "location": {
                            "latitude": 39.7512622219201,
                            "longitude": 30.48412657417143
                        }
                    },
                    {
                        "location": {
                            "latitude": 39.75131070721165,
                            "longitude": 30.48466750258873
                        }
                    },
                    {
                        "location": {
                            "latitude": 39.75131555691902,
                            "longitude": 30.484724979970743
                        }
                    },
                    {
                        "location": {
                            "latitude": 39.75135084964184,
                            "longitude": 30.48516030140598
                        }
                    },
                    {
                        "location": {
                            "latitude": 39.75135579670607,
                            "longitude": 30.485218125442593
                        }
                    },
                    {
                        "location": {
                            "latitude": 39.751429401719115,
                            "longitude": 30.486020502285434
                        }
                    },
                    {
                        "location": {
                            "latitude": 39.75153679813668,
                            "longitude": 30.486021147597523
                        }
                    },
                    {
                        "location": {
                            "latitude": 39.75155217553443,
                            "longitude": 30.48601988802342
                        }
                    },
                    {
                        "location": {
                            "latitude": 39.751611792283036,
                            "longitude": 30.48601480185949
                        }
                    },
                    {
                        "location": {
                            "latitude": 39.75162564195311,
                            "longitude": 30.48601371455887
                        }
                    },
                    {
                        "location": {
                            "latitude": 39.751698338671744,
                            "longitude": 30.486009436416285
                        }
                    },
                    {
                        "location": {
                            "latitude": 39.75184917344003,
                            "longitude": 30.4860025495174
                        }
                    },
                    {
                        "location": {
                            "latitude": 39.75197906251578,
                            "longitude": 30.485997708251524
                        }
                    },
                    {
                        "location": {
                            "latitude": 39.752096462253355,
                            "longitude": 30.485994371629513
                        }
                    },
                    {
                        "location": {
                            "latitude": 39.75217389281614,
                            "longitude": 30.485992372125125
                        }
                    },
                    {
                        "location": {
                            "latitude": 39.75247909817493,
                            "longitude": 30.485979636487503
                        }
                    },
                    {
                        "location": {
                            "latitude": 39.75260776902007,
                            "longitude": 30.485972621886013
                        }
                    },
                    {
                        "location": {
                            "latitude": 39.75262045101975,
                            "longitude": 30.485971693735262
                        }
                    },
                    {
                        "location": {
                            "latitude": 39.7527310097895,
                            "longitude": 30.48583975725265
                        }
                    },
                    {
                        "location": {
                            "latitude": 39.75266822268082,
                            "longitude": 30.48580247638821
                        }
                    }
                ]
            },
            "end_point": {
                "id": "cs5",
                "location": {
                    "latitude": 39.751377,
                    "longitude": 30.481888
                },
                "waypoints": [
                    {
                        "location": {
                            "latitude": 39.75291272399985,
                            "longitude": 30.488065011151395
                        }
                    },
                    {
                        "location": {
                            "latitude": 39.75263592134255,
                            "longitude": 30.488116387047675
                        }
                    },
                    {
                        "location": {
                            "latitude": 39.75239473388148,
                            "longitude": 30.488127603637814
                        }
                    },
                    {
                        "location": {
                            "latitude": 39.752201574966946,
                            "longitude": 30.488139408792286
                        }
                    },
                    {
                        "location": {
                            "latitude": 39.752144190776356,
                            "longitude": 30.488143595086772
                        }
                    },
                    {
                        "location": {
                            "latitude": 39.75209927248814,
                            "longitude": 30.48815351393506
                        }
                    },
                    {
                        "location": {
                            "latitude": 39.752065117992,
                            "longitude": 30.48814880301665
                        }
                    },
                    {
                        "location": {
                            "latitude": 39.751991524700465,
                            "longitude": 30.48811167968008
                        }
                    },
                    {
                        "location": {
                            "latitude": 39.751905348285895,
                            "longitude": 30.488046770085678
                        }
                    },
                    {
                        "location": {
                            "latitude": 39.75185171127854,
                            "longitude": 30.487999351477576
                        }
                    },
                    {
                        "location": {
                            "latitude": 39.75180056095089,
                            "longitude": 30.48794612381513
                        }
                    },
                    {
                        "location": {
                            "latitude": 39.75175138913586,
                            "longitude": 30.48788442126804
                        }
                    },
                    {
                        "location": {
                            "latitude": 39.751675419484066,
                            "longitude": 30.487750049510616
                        }
                    },
                    {
                        "location": {
                            "latitude": 39.7516679471414,
                            "longitude": 30.48773363174445
                        }
                    },
                    {
                        "location": {
                            "latitude": 39.751628751265336,
                            "longitude": 30.4875876532018
                        }
                    },
                    {
                        "location": {
                            "latitude": 39.7515755650345,
                            "longitude": 30.48730318331229
                        }
                    },
                    {
                        "location": {
                            "latitude": 39.75156129576612,
                            "longitude": 30.487226674318485
                        }
                    },
                    {
                        "location": {
                            "latitude": 39.75152608218892,
                            "longitude": 30.486753067066978
                        }
                    },
                    {
                        "location": {
                            "latitude": 39.751491126132855,
                            "longitude": 30.48635379432311
                        }
                    },
                    {
                        "location": {
                            "latitude": 39.75145534862916,
                            "longitude": 30.485987346974213
                        }
                    },
                    {
                        "location": {
                            "latitude": 39.75138444068187,
                            "longitude": 30.48521381541398
                        }
                    },
                    {
                        "location": {
                            "latitude": 39.751379503727186,
                            "longitude": 30.48515645781943
                        }
                    },
                    {
                        "location": {
                            "latitude": 39.75134421098449,
                            "longitude": 30.484721136207124
                        }
                    },
                    {
                        "location": {
                            "latitude": 39.7513393536887,
                            "longitude": 30.48466330895296
                        }
                    },
                    {
                        "location": {
                            "latitude": 39.75129087342914,
                            "longitude": 30.48412261354865
                        }
                    },
                    {
                        "location": {
                            "latitude": 39.751244229542664,
                            "longitude": 30.483546256112003
                        }
                    },
                    {
                        "location": {
                            "latitude": 39.75119705069589,
                            "longitude": 30.48296198283594
                        }
                    },
                    {
                        "location": {
                            "latitude": 39.751160417163156,
                            "longitude": 30.48246940885966
                        }
                    },
                    {
                        "location": {
                            "latitude": 39.75113390437547,
                            "longitude": 30.48216098191477
                        }
                    },
                    {
                        "location": {
                            "latitude": 39.75110806301112,
                            "longitude": 30.48187937356331
                        }
                    },
                    {
                        "location": {
                            "latitude": 39.7511396121639,
                            "longitude": 30.481818002872263
                        }
                    },
                    {
                        "location": {
                            "latitude": 39.751141412457784,
                            "longitude": 30.481817937281498
                        }
                    },
                    {
                        "location": {
                            "latitude": 39.75120071695173,
                            "longitude": 30.481815076367962
                        }
                    },
                    {
                        "location": {
                            "latitude": 39.75124445143475,
                            "longitude": 30.48181289942625
                        }
                    },
                    {
                        "location": {
                            "latitude": 39.751285621285085,
                            "longitude": 30.481841976995106
                        }
                    },
                    {
                        "location": {
                            "latitude": 39.75129543735301,
                            "longitude": 30.48185842534015
                        }
                    },
                    {
                        "location": {
                            "latitude": 39.75136174063955,
                            "longitude": 30.48191237980865
                        }
                    },
                    {
                        "location": {
                            "latitude": 39.75142210830182,
                            "longitude": 30.481958497743666
                        }
                    },
                    {
                        "location": {
                            "latitude": 39.75145142908596,
                            "longitude": 30.481989524355903
                        }
                    },
                    {
                        "location": {
                            "latitude": 39.75146312401697,
                            "longitude": 30.481972175568906
                        }
                    },
                    {
                        "location": {
                            "latitude": 39.75143092559329,
                            "longitude": 30.481933084209388
                        }
                    },
                    {
                        "location": {
                            "latitude": 39.751373290154994,
                            "longitude": 30.48188418245822
                        }
                    }
                ]
            },
            "delivery_points": [
                {
                    "id": "35",
                    "location": {
                        "latitude": 39.75231982730744,
                        "longitude": 30.48578821561364
                    },
                    "waypoints": [
                        {
                            "location": {
                                "latitude": 39.7527310097895,
                                "longitude": 30.48583975725265
                            }
                        },
                        {
                            "location": {
                                "latitude": 39.75266822268082,
                                "longitude": 30.48580247638821
                            }
                        },
                        {
                            "location": {
                                "latitude": 39.75257879659647,
                                "longitude": 30.48577888609664
                            }
                        },
                        {
                            "location": {
                                "latitude": 39.75224726901444,
                                "longitude": 30.48579082954591
                            }
                        },
                        {
                            "location": {
                                "latitude": 39.75224807781351,
                                "longitude": 30.48582814727366
                            }
                        },
                        {
                            "location": {
                                "latitude": 39.75257636486684,
                                "longitude": 30.48581632188498
                            }
                        },
                        {
                            "location": {
                                "latitude": 39.752659269428996,
                                "longitude": 30.485838282089762
                            }
                        },
                        {
                            "location": {
                                "latitude": 39.75271092052829,
                                "longitude": 30.485868848724742
                            }
                        },
                        {
                            "location": {
                                "latitude": 39.75297679909484,
                                "longitude": 30.486024264690755
                            }
                        },
                        {
                            "location": {
                                "latitude": 39.75300001002013,
                                "longitude": 30.487602930487725
                            }
                        },
                        {
                            "location": {
                                "latitude": 39.752979215250775,
                                "longitude": 30.487963448419798
                            }
                        },
                        {
                            "location": {
                                "latitude": 39.752945282463585,
                                "longitude": 30.48812498440304
                            }
                        },
                        {
                            "location": {
                                "latitude": 39.75294397605778,
                                "longitude": 30.48813121756954
                            }
                        },
                        {
                            "location": {
                                "latitude": 39.75294253700701,
                                "longitude": 30.488160447634638
                            }
                        },
                        {
                            "location": {
                                "latitude": 39.7529455061639,
                                "longitude": 30.48818940077835
                            }
                        },
                        {
                            "location": {
                                "latitude": 39.752946784941315,
                                "longitude": 30.488194372878965
                            }
                        },
                        {
                            "location": {
                                "latitude": 39.75298569330788,
                                "longitude": 30.48834374959878
                            }
                        },
                        {
                            "location": {
                                "latitude": 39.75301640695827,
                                "longitude": 30.488730464700758
                            }
                        },
                        {
                            "location": {
                                "latitude": 39.75302282090111,
                                "longitude": 30.489355570288122
                            }
                        },
                        {
                            "location": {
                                "latitude": 39.75297238808307,
                                "longitude": 30.489422877280724
                            }
                        }
                    ]
                },
                {
                    "id": "cs7",
                    "location": {
                        "latitude": 39.752912728054795,
                        "longitude": 30.489341531024138
                    },
                    "waypoints": [
                        {
                            "location": {
                                "latitude": 39.75297238808307,
                                "longitude": 30.489422877280724
                            }
                        },
                        {
                            "location": {
                                "latitude": 39.752913538339044,
                                "longitude": 30.48942594871585
                            }
                        },
                        {
                            "location": {
                                "latitude": 39.75290764982833,
                                "longitude": 30.488812612825715
                            }
                        },
                        {
                            "location": {
                                "latitude": 39.752878829833236,
                                "longitude": 30.488812959714135
                            }
                        },
                        {
                            "location": {
                                "latitude": 39.752885011122544,
                                "longitude": 30.48946479933625
                            }
                        },
                        {
                            "location": {
                                "latitude": 39.75297346577224,
                                "longitude": 30.489460185694377
                            }
                        },
                        {
                            "location": {
                                "latitude": 39.75302512189814,
                                "longitude": 30.48950767812683
                            }
                        },
                        {
                            "location": {
                                "latitude": 39.75302508235936,
                                "longitude": 30.489510013787406
                            }
                        },
                        {
                            "location": {
                                "latitude": 39.753028378368704,
                                "longitude": 30.489662318920992
                            }
                        },
                        {
                            "location": {
                                "latitude": 39.753042696670235,
                                "longitude": 30.490315732012004
                            }
                        },
                        {
                            "location": {
                                "latitude": 39.753039716976204,
                                "longitude": 30.490790154771044
                            }
                        },
                        {
                            "location": {
                                "latitude": 39.75297509539849,
                                "longitude": 30.490855408220277
                            }
                        },
                        {
                            "location": {
                                "latitude": 39.75258518619206,
                                "longitude": 30.490867112742094
                            }
                        },
                        {
                            "location": {
                                "latitude": 39.752533632570376,
                                "longitude": 30.49080350981059
                            }
                        },
                        {
                            "location": {
                                "latitude": 39.752523282521615,
                                "longitude": 30.49021263075773
                            }
                        }
                    ]
                },
                {
                    "id": "115",
                    "location": {
                        "latitude": 39.7523728688112,
                        "longitude": 30.49019735592993
                    },
                    "waypoints": [
                        {
                            "location": {
                                "latitude": 39.75250865389324,
                                "longitude": 30.490194371607597
                            }
                        },
                        {
                            "location": {
                                "latitude": 39.75231326023966,
                                "longitude": 30.49019866601554
                            }
                        },
                        {
                            "location": {
                                "latitude": 39.75230313459298,
                                "longitude": 30.490230311994964
                            }
                        },
                        {
                            "location": {
                                "latitude": 39.75242622298189,
                                "longitude": 30.490394138406586
                            }
                        },
                        {
                            "location": {
                                "latitude": 39.75243002794712,
                                "longitude": 30.490403453773574
                            }
                        },
                        {
                            "location": {
                                "latitude": 39.75249304576299,
                                "longitude": 30.49080545015421
                            }
                        },
                        {
                            "location": {
                                "latitude": 39.75250600304034,
                                "longitude": 30.490938029553785
                            }
                        },
                        {
                            "location": {
                                "latitude": 39.75250526584482,
                                "longitude": 30.49108721216005
                            }
                        },
                        {
                            "location": {
                                "latitude": 39.75252008698007,
                                "longitude": 30.49110604806473
                            }
                        },
                        {
                            "location": {
                                "latitude": 39.75296243482541,
                                "longitude": 30.491090573953503
                            }
                        },
                        {
                            "location": {
                                "latitude": 39.75302918071523,
                                "longitude": 30.491152692302705
                            }
                        },
                        {
                            "location": {
                                "latitude": 39.75305869725735,
                                "longitude": 30.492092780830507
                            }
                        },
                        {
                            "location": {
                                "latitude": 39.753058634508655,
                                "longitude": 30.492189886923565
                            }
                        },
                        {
                            "location": {
                                "latitude": 39.75300595463932,
                                "longitude": 30.492257506863325
                            }
                        },
                        {
                            "location": {
                                "latitude": 39.75217961702541,
                                "longitude": 30.492308497291965
                            }
                        },
                        {
                            "location": {
                                "latitude": 39.752049554112105,
                                "longitude": 30.492309481606835
                            }
                        },
                        {
                            "location": {
                                "latitude": 39.751722024075185,
                                "longitude": 30.492327200587273
                            }
                        },
                        {
                            "location": {
                                "latitude": 39.75162270073708,
                                "longitude": 30.4923374566216
                            }
                        }
                    ]
                },
                {
                    "id": "2",
                    "location": {
                        "latitude": 39.751938002852754,
                        "longitude": 30.49231551642376
                    },
                    "waypoints": [
                        {
                            "location": {
                                "latitude": 39.75300595463932,
                                "longitude": 30.492257506863325
                            }
                        },
                        {
                            "location": {
                                "latitude": 39.75217961702541,
                                "longitude": 30.492308497291965
                            }
                        },
                        {
                            "location": {
                                "latitude": 39.752049554112105,
                                "longitude": 30.492309481606835
                            }
                        },
                        {
                            "location": {
                                "latitude": 39.751722024075185,
                                "longitude": 30.492327200587273
                            }
                        },
                        {
                            "location": {
                                "latitude": 39.75162270073708,
                                "longitude": 30.4923374566216
                            }
                        },
                        {
                            "location": {
                                "latitude": 39.75156728157919,
                                "longitude": 30.492470064460527
                            }
                        },
                        {
                            "location": {
                                "latitude": 39.75157176838764,
                                "longitude": 30.492911060988472
                            }
                        },
                        {
                            "location": {
                                "latitude": 39.7516005859343,
                                "longitude": 30.492910599226892
                            }
                        },
                        {
                            "location": {
                                "latitude": 39.75159612831114,
                                "longitude": 30.492479288290582
                            }
                        },
                        {
                            "location": {
                                "latitude": 39.75164058514123,
                                "longitude": 30.49237298751258
                            }
                        },
                        {
                            "location": {
                                "latitude": 39.7517237309182,
                                "longitude": 30.49236448555995
                            }
                        },
                        {
                            "location": {
                                "latitude": 39.75205018078135,
                                "longitude": 30.492346805946404
                            }
                        },
                        {
                            "location": {
                                "latitude": 39.752180423727985,
                                "longitude": 30.492345815169802
                            }
                        },
                        {
                            "location": {
                                "latitude": 39.75300730146449,
                                "longitude": 30.49229480558889
                            }
                        },
                        {
                            "location": {
                                "latitude": 39.753130612262176,
                                "longitude": 30.492189842815524
                            }
                        },
                        {
                            "location": {
                                "latitude": 39.7531305840671,
                                "longitude": 30.491034517388435
                            }
                        },
                        {
                            "location": {
                                "latitude": 39.75312796600953,
                                "longitude": 30.49090097785952
                            }
                        },
                        {
                            "location": {
                                "latitude": 39.75311808556062,
                                "longitude": 30.490644104646865
                            }
                        },
                        {
                            "location": {
                                "latitude": 39.7531164088628,
                                "longitude": 30.49055826594152
                            }
                        },
                        {
                            "location": {
                                "latitude": 39.75310833884685,
                                "longitude": 30.489569079984676
                            }
                        },
                        {
                            "location": {
                                "latitude": 39.7531069548833,
                                "longitude": 30.48940106590312
                            }
                        },
                        {
                            "location": {
                                "latitude": 39.75310249794291,
                                "longitude": 30.488916292177006
                            }
                        },
                        {
                            "location": {
                                "latitude": 39.75310560586544,
                                "longitude": 30.488589620923513
                            }
                        },
                        {
                            "location": {
                                "latitude": 39.753124564790184,
                                "longitude": 30.488341854029876
                            }
                        },
                        {
                            "location": {
                                "latitude": 39.75316718885716,
                                "longitude": 30.488171890404914
                            }
                        },
                        {
                            "location": {
                                "latitude": 39.75316780292065,
                                "longitude": 30.488166966207075
                            }
                        },
                        {
                            "location": {
                                "latitude": 39.753167379430195,
                                "longitude": 30.488139087565205
                            }
                        },
                        {
                            "location": {
                                "latitude": 39.75316706140599,
                                "longitude": 30.488136881606344
                            }
                        },
                        {
                            "location": {
                                "latitude": 39.75305861762007,
                                "longitude": 30.488008822500326
                            }
                        },
                        {
                            "location": {
                                "latitude": 39.753043505185914,
                                "longitude": 30.488009838623974
                            }
                        },
                        {
                            "location": {
                                "latitude": 39.75291272399985,
                                "longitude": 30.488065011151395
                            }
                        }
                    ]
                },
                {
                    "id": "32",
                    "location": {
                        "latitude": 39.75248734145033,
                        "longitude": 30.488123296873173
                    },
                    "waypoints": [
                        {
                            "location": {
                                "latitude": 39.75291272399985,
                                "longitude": 30.488065011151395
                            }
                        },
                        {
                            "location": {
                                "latitude": 39.75263592134255,
                                "longitude": 30.488116387047675
                            }
                        },
                        {
                            "location": {
                                "latitude": 39.75239473388148,
                                "longitude": 30.488127603637814
                            }
                        },
                        {
                            "location": {
                                "latitude": 39.752201574966946,
                                "longitude": 30.488139408792286
                            }
                        },
                        {
                            "location": {
                                "latitude": 39.752144190776356,
                                "longitude": 30.488143595086772
                            }
                        },
                        {
                            "location": {
                                "latitude": 39.75209927248814,
                                "longitude": 30.48815351393506
                            }
                        },
                        {
                            "location": {
                                "latitude": 39.752065117992,
                                "longitude": 30.48814880301665
                            }
                        },
                        {
                            "location": {
                                "latitude": 39.751991524700465,
                                "longitude": 30.48811167968008
                            }
                        },
                        {
                            "location": {
                                "latitude": 39.751905348285895,
                                "longitude": 30.488046770085678
                            }
                        },
                        {
                            "location": {
                                "latitude": 39.75185171127854,
                                "longitude": 30.487999351477576
                            }
                        },
                        {
                            "location": {
                                "latitude": 39.75180056095089,
                                "longitude": 30.48794612381513
                            }
                        },
                        {
                            "location": {
                                "latitude": 39.75175138913586,
                                "longitude": 30.48788442126804
                            }
                        },
                        {
                            "location": {
                                "latitude": 39.751675419484066,
                                "longitude": 30.487750049510616
                            }
                        },
                        {
                            "location": {
                                "latitude": 39.7516679471414,
                                "longitude": 30.48773363174445
                            }
                        },
                        {
                            "location": {
                                "latitude": 39.751628751265336,
                                "longitude": 30.4875876532018
                            }
                        },
                        {
                            "location": {
                                "latitude": 39.7515755650345,
                                "longitude": 30.48730318331229
                            }
                        },
                        {
                            "location": {
                                "latitude": 39.75156129576612,
                                "longitude": 30.487226674318485
                            }
                        },
                        {
                            "location": {
                                "latitude": 39.75152608218892,
                                "longitude": 30.486753067066978
                            }
                        },
                        {
                            "location": {
                                "latitude": 39.751491126132855,
                                "longitude": 30.48635379432311
                            }
                        },
                        {
                            "location": {
                                "latitude": 39.75145534862916,
                                "longitude": 30.485987346974213
                            }
                        },
                        {
                            "location": {
                                "latitude": 39.75138444068187,
                                "longitude": 30.48521381541398
                            }
                        },
                        {
                            "location": {
                                "latitude": 39.751379503727186,
                                "longitude": 30.48515645781943
                            }
                        },
                        {
                            "location": {
                                "latitude": 39.75134421098449,
                                "longitude": 30.484721136207124
                            }
                        },
                        {
                            "location": {
                                "latitude": 39.7513393536887,
                                "longitude": 30.48466330895296
                            }
                        },
                        {
                            "location": {
                                "latitude": 39.75129087342914,
                                "longitude": 30.48412261354865
                            }
                        },
                        {
                            "location": {
                                "latitude": 39.751244229542664,
                                "longitude": 30.483546256112003
                            }
                        },
                        {
                            "location": {
                                "latitude": 39.75119705069589,
                                "longitude": 30.48296198283594
                            }
                        },
                        {
                            "location": {
                                "latitude": 39.751160417163156,
                                "longitude": 30.48246940885966
                            }
                        },
                        {
                            "location": {
                                "latitude": 39.75113390437547,
                                "longitude": 30.48216098191477
                            }
                        },
                        {
                            "location": {
                                "latitude": 39.75110806301112,
                                "longitude": 30.48187937356331
                            }
                        },
                        {
                            "location": {
                                "latitude": 39.7511396121639,
                                "longitude": 30.481818002872263
                            }
                        },
                        {
                            "location": {
                                "latitude": 39.751141412457784,
                                "longitude": 30.481817937281498
                            }
                        },
                        {
                            "location": {
                                "latitude": 39.75120071695173,
                                "longitude": 30.481815076367962
                            }
                        },
                        {
                            "location": {
                                "latitude": 39.75124445143475,
                                "longitude": 30.48181289942625
                            }
                        },
                        {
                            "location": {
                                "latitude": 39.751285621285085,
                                "longitude": 30.481841976995106
                            }
                        },
                        {
                            "location": {
                                "latitude": 39.75129543735301,
                                "longitude": 30.48185842534015
                            }
                        },
                        {
                            "location": {
                                "latitude": 39.75136174063955,
                                "longitude": 30.48191237980865
                            }
                        },
                        {
                            "location": {
                                "latitude": 39.75142210830182,
                                "longitude": 30.481958497743666
                            }
                        },
                        {
                            "location": {
                                "latitude": 39.75145142908596,
                                "longitude": 30.481989524355903
                            }
                        },
                        {
                            "location": {
                                "latitude": 39.75146312401697,
                                "longitude": 30.481972175568906
                            }
                        },
                        {
                            "location": {
                                "latitude": 39.75143092559329,
                                "longitude": 30.481933084209388
                            }
                        },
                        {
                            "location": {
                                "latitude": 39.751373290154994,
                                "longitude": 30.48188418245822
                            }
                        }
                    ]
                }
            ]
        },
        {
            "id": 1,
            "name": "test_newesoguv32-c05-ds1",
            "start_point": {
                "id": "cs5",
                "location": {
                    "latitude": 39.751377,
                    "longitude": 30.481888
                },
                "waypoints": [
                    {
                        "location": {
                            "latitude": 39.75146312401697,
                            "longitude": 30.481972175568906
                        }
                    },
                    {
                        "location": {
                            "latitude": 39.75143092559329,
                            "longitude": 30.481933084209388
                        }
                    },
                    {
                        "location": {
                            "latitude": 39.751373290154994,
                            "longitude": 30.48188418245822
                        }
                    },
                    {
                        "location": {
                            "latitude": 39.75131575595564,
                            "longitude": 30.481839945426064
                        }
                    },
                    {
                        "location": {
                            "latitude": 39.75130333958483,
                            "longitude": 30.48182405864984
                        }
                    },
                    {
                        "location": {
                            "latitude": 39.75124376511115,
                            "longitude": 30.481789582815857
                        }
                    },
                    {
                        "location": {
                            "latitude": 39.751200030629015,
                            "longitude": 30.481791759772264
                        }
                    },
                    {
                        "location": {
                            "latitude": 39.75114072866773,
                            "longitude": 30.481794737321405
                        }
                    },
                    {
                        "location": {
                            "latitude": 39.751138928373905,
                            "longitude": 30.481794802912766
                        }
                    },
                    {
                        "location": {
                            "latitude": 39.75109602379545,
                            "longitude": 30.481739762787104
                        }
                    },
                    {
                        "location": {
                            "latitude": 39.751091189219146,
                            "longitude": 30.48167890074309
                        }
                    },
                    {
                        "location": {
                            "latitude": 39.751081409063694,
                            "longitude": 30.481460780085094
                        }
                    },
                    {
                        "location": {
                            "latitude": 39.75107718585089,
                            "longitude": 30.481266265380214
                        }
                    },
                    {
                        "location": {
                            "latitude": 39.751073444294335,
                            "longitude": 30.480932150649842
                        }
                    },
                    {
                        "location": {
                            "latitude": 39.75107295509315,
                            "longitude": 30.480880583643025
                        }
                    },
                    {
                        "location": {
                            "latitude": 39.751072409002035,
                            "longitude": 30.480822249660026
                        }
                    },
                    {
                        "location": {
                            "latitude": 39.75106985676699,
                            "longitude": 30.480534658041293
                        }
                    },
                    {
                        "location": {
                            "latitude": 39.75117251635232,
                            "longitude": 30.480433348064143
                        }
                    },
                    {
                        "location": {
                            "latitude": 39.751450449661796,
                            "longitude": 30.480425900654993
                        }
                    },
                    {
                        "location": {
                            "latitude": 39.75149599957815,
                            "longitude": 30.480424356887983
                        }
                    },
                    {
                        "location": {
                            "latitude": 39.7517427790556,
                            "longitude": 30.480413493387367
                        }
                    },
                    {
                        "location": {
                            "latitude": 39.75180550909067,
                            "longitude": 30.48041073975618
                        }
                    },
                    {
                        "location": {
                            "latitude": 39.75224444181654,
                            "longitude": 30.480391587294186
                        }
                    },
                    {
                        "location": {
                            "latitude": 39.75234379571311,
                            "longitude": 30.48049685564498
                        }
                    },
                    {
                        "location": {
                            "latitude": 39.752474199599924,
                            "longitude": 30.481115158975044
                        }
                    },
                    {
                        "location": {
                            "latitude": 39.752421773316534,
                            "longitude": 30.48119415665749
                        }
                    }
                ]
            },
            "end_point": {
                "id": "cs5",
                "location": {
                    "latitude": 39.751377,
                    "longitude": 30.481888
                },
                "waypoints": [
                    {
                        "location": {
                            "latitude": 39.752421773316534,
                            "longitude": 30.48119415665749
                        }
                    },
                    {
                        "location": {
                            "latitude": 39.752390969198096,
                            "longitude": 30.48119854716412
                        }
                    },
                    {
                        "location": {
                            "latitude": 39.752305144739736,
                            "longitude": 30.481199807582726
                        }
                    },
                    {
                        "location": {
                            "latitude": 39.752305414927925,
                            "longitude": 30.481237144892553
                        }
                    },
                    {
                        "location": {
                            "latitude": 39.75239267962228,
                            "longitude": 30.481235832033235
                        }
                    },
                    {
                        "location": {
                            "latitude": 39.75242492144468,
                            "longitude": 30.481231272438006
                        }
                    },
                    {
                        "location": {
                            "latitude": 39.75255990195701,
                            "longitude": 30.481083383145418
                        }
                    },
                    {
                        "location": {
                            "latitude": 39.752412838062845,
                            "longitude": 30.48041766027447
                        }
                    },
                    {
                        "location": {
                            "latitude": 39.75236560589607,
                            "longitude": 30.480358342830275
                        }
                    },
                    {
                        "location": {
                            "latitude": 39.752364010963525,
                            "longitude": 30.480359568074782
                        }
                    },
                    {
                        "location": {
                            "latitude": 39.75224345124059,
                            "longitude": 30.48035427628756
                        }
                    },
                    {
                        "location": {
                            "latitude": 39.751804518528274,
                            "longitude": 30.48037342898569
                        }
                    },
                    {
                        "location": {
                            "latitude": 39.75174178849515,
                            "longitude": 30.48037618265062
                        }
                    },
                    {
                        "location": {
                            "latitude": 39.751495099039914,
                            "longitude": 30.48038704300256
                        }
                    },
                    {
                        "location": {
                            "latitude": 39.75144981916859,
                            "longitude": 30.48038857694978
                        }
                    },
                    {
                        "location": {
                            "latitude": 39.75117188586623,
                            "longitude": 30.48039602450877
                        }
                    },
                    {
                        "location": {
                            "latitude": 39.75104103942942,
                            "longitude": 30.480535124947604
                        }
                    },
                    {
                        "location": {
                            "latitude": 39.751043591659524,
                            "longitude": 30.480822716446504
                        }
                    },
                    {
                        "location": {
                            "latitude": 39.75104413774966,
                            "longitude": 30.4808810504052
                        }
                    },
                    {
                        "location": {
                            "latitude": 39.75104462694996,
                            "longitude": 30.480932617390536
                        }
                    },
                    {
                        "location": {
                            "latitude": 39.75104833052082,
                            "longitude": 30.481264982749664
                        }
                    },
                    {
                        "location": {
                            "latitude": 39.75105261449651,
                            "longitude": 30.481462296145065
                        }
                    },
                    {
                        "location": {
                            "latitude": 39.75106242502528,
                            "longitude": 30.48168181609909
                        }
                    },
                    {
                        "location": {
                            "latitude": 39.75106736986614,
                            "longitude": 30.481743607762883
                        }
                    },
                    {
                        "location": {
                            "latitude": 39.7511396121639,
                            "longitude": 30.481818002872263
                        }
                    },
                    {
                        "location": {
                            "latitude": 39.751141412457784,
                            "longitude": 30.481817937281498
                        }
                    },
                    {
                        "location": {
                            "latitude": 39.75120071695173,
                            "longitude": 30.481815076367962
                        }
                    },
                    {
                        "location": {
                            "latitude": 39.75124445143475,
                            "longitude": 30.48181289942625
                        }
                    },
                    {
                        "location": {
                            "latitude": 39.751285621285085,
                            "longitude": 30.481841976995106
                        }
                    },
                    {
                        "location": {
                            "latitude": 39.75129543735301,
                            "longitude": 30.48185842534015
                        }
                    },
                    {
                        "location": {
                            "latitude": 39.75136174063955,
                            "longitude": 30.48191237980865
                        }
                    },
                    {
                        "location": {
                            "latitude": 39.75142210830182,
                            "longitude": 30.481958497743666
                        }
                    },
                    {
                        "location": {
                            "latitude": 39.75145142908596,
                            "longitude": 30.481989524355903
                        }
                    },
                    {
                        "location": {
                            "latitude": 39.75146312401697,
                            "longitude": 30.481972175568906
                        }
                    },
                    {
                        "location": {
                            "latitude": 39.75143092559329,
                            "longitude": 30.481933084209388
                        }
                    },
                    {
                        "location": {
                            "latitude": 39.751373290154994,
                            "longitude": 30.48188418245822
                        }
                    }
                ]
            },
            "delivery_points": [
                {
                    "id": "42B",
                    "location": {
                        "latitude": 39.752332547967136,
                        "longitude": 30.481199405139684
                    },
                    "waypoints": [
                        {
                            "location": {
                                "latitude": 39.752421773316534,
                                "longitude": 30.48119415665749
                            }
                        },
                        {
                            "location": {
                                "latitude": 39.752390969198096,
                                "longitude": 30.48119854716412
                            }
                        },
                        {
                            "location": {
                                "latitude": 39.752305144739736,
                                "longitude": 30.481199807582726
                            }
                        },
                        {
                            "location": {
                                "latitude": 39.752305414927925,
                                "longitude": 30.481237144892553
                            }
                        },
                        {
                            "location": {
                                "latitude": 39.75239267962228,
                                "longitude": 30.481235832033235
                            }
                        },
                        {
                            "location": {
                                "latitude": 39.75242492144468,
                                "longitude": 30.481231272438006
                            }
                        },
                        {
                            "location": {
                                "latitude": 39.75255990195701,
                                "longitude": 30.481083383145418
                            }
                        },
                        {
                            "location": {
                                "latitude": 39.752412838062845,
                                "longitude": 30.48041766027447
                            }
                        },
                        {
                            "location": {
                                "latitude": 39.75236560589607,
                                "longitude": 30.480358342830275
                            }
                        },
                        {
                            "location": {
                                "latitude": 39.752364010963525,
                                "longitude": 30.480359568074782
                            }
                        },
                        {
                            "location": {
                                "latitude": 39.75224345124059,
                                "longitude": 30.48035427628756
                            }
                        },
                        {
                            "location": {
                                "latitude": 39.751804518528274,
                                "longitude": 30.48037342898569
                            }
                        },
                        {
                            "location": {
                                "latitude": 39.75174178849515,
                                "longitude": 30.48037618265062
                            }
                        },
                        {
                            "location": {
                                "latitude": 39.751495099039914,
                                "longitude": 30.48038704300256
                            }
                        },
                        {
                            "location": {
                                "latitude": 39.75144981916859,
                                "longitude": 30.48038857694978
                            }
                        },
                        {
                            "location": {
                                "latitude": 39.75117188586623,
                                "longitude": 30.48039602450877
                            }
                        },
                        {
                            "location": {
                                "latitude": 39.75104103942942,
                                "longitude": 30.480535124947604
                            }
                        },
                        {
                            "location": {
                                "latitude": 39.751043591659524,
                                "longitude": 30.480822716446504
                            }
                        },
                        {
                            "location": {
                                "latitude": 39.75104413774966,
                                "longitude": 30.4808810504052
                            }
                        },
                        {
                            "location": {
                                "latitude": 39.75104462694996,
                                "longitude": 30.480932617390536
                            }
                        },
                        {
                            "location": {
                                "latitude": 39.75104833052082,
                                "longitude": 30.481264982749664
                            }
                        },
                        {
                            "location": {
                                "latitude": 39.75105261449651,
                                "longitude": 30.481462296145065
                            }
                        },
                        {
                            "location": {
                                "latitude": 39.75106242502528,
                                "longitude": 30.48168181609909
                            }
                        },
                        {
                            "location": {
                                "latitude": 39.75106736986614,
                                "longitude": 30.481743607762883
                            }
                        },
                        {
                            "location": {
                                "latitude": 39.7511396121639,
                                "longitude": 30.481818002872263
                            }
                        },
                        {
                            "location": {
                                "latitude": 39.751141412457784,
                                "longitude": 30.481817937281498
                            }
                        },
                        {
                            "location": {
                                "latitude": 39.75120071695173,
                                "longitude": 30.481815076367962
                            }
                        },
                        {
                            "location": {
                                "latitude": 39.75124445143475,
                                "longitude": 30.48181289942625
                            }
                        },
                        {
                            "location": {
                                "latitude": 39.751285621285085,
                                "longitude": 30.481841976995106
                            }
                        },
                        {
                            "location": {
                                "latitude": 39.75129543735301,
                                "longitude": 30.48185842534015
                            }
                        },
                        {
                            "location": {
                                "latitude": 39.75136174063955,
                                "longitude": 30.48191237980865
                            }
                        },
                        {
                            "location": {
                                "latitude": 39.75142210830182,
                                "longitude": 30.481958497743666
                            }
                        },
                        {
                            "location": {
                                "latitude": 39.75145142908596,
                                "longitude": 30.481989524355903
                            }
                        },
                        {
                            "location": {
                                "latitude": 39.75146312401697,
                                "longitude": 30.481972175568906
                            }
                        },
                        {
                            "location": {
                                "latitude": 39.75143092559329,
                                "longitude": 30.481933084209388
                            }
                        },
                        {
                            "location": {
                                "latitude": 39.751373290154994,
                                "longitude": 30.48188418245822
                            }
                        }
                    ]
                }
            ]
        }
    ]
}