<?xml version="1.0" ?>
<routes xmlns:xsi="http://www.w3.org/2001/XMLSchema-instance" xsi:noNamespaceSchemaLocation="http://sumo.dlr.de/xsd/routes_file.xsd">
    <vType id="evehicle" length="2.88" minGap="2.50" maxSpeed="12.5" vClass="evehicle" emissionClass="Energy/default" accel="1.0" decel="1.0" sigma="0.0">
        <param key="airDragCoefficient" value="0.48"/>
        <param key="constantPowerIntake" value="100"/>
        <param key="device.battery.capacity" value="3000"/>
        <param key="device.battery.chargeLevel" value="3000"/>
        <param key="device.battery.stoppingThreshold" value="0.1"/>
        <param key="engine.efficiency" value="0.8"/>
        <param key="frontSurfaceArea" value="2.3"/>
        <param key="engine.power.max" value="1000"/>
        <param key="has.battery.device" value="true"/>
        <param key="mass" value="1000"/>
        <param key="propulsionEfficiency" value="0.9"/>
        <param key="radialDragCoefficient" value="0.5"/>
        <param key="recuperationEfficiency" value="0.9"/>
        <param key="rollDragCoefficient" value="0.01"/>
        <param key="rotatingMass" value="0.01"/>
    </vType>
    <vehicle id="veh0" type="evehicle" depart="5.11" color="red">
        <param key="device.battery.chargeLevel" value="3000"/>
        <route edges="-698869618 -698869617#1 -698869617#0 368620842#9 368620842#12 368620842#13 669466787#1 669466787#2 669466787#3 369628890#7 387337624#0 -387337624#0 369628890#8 369628890#9 369625682#11 369625682#12 369625682#13 369625682#14 369628890#8 369628890#9 369628890#10 369628890#11 369628890#12 369628890#13 212712098#0 212712118#3 212712118#4 369625683#0 369625683#1 369625683#2 E2 E0 E4 E5 E6 E3 E11 -369625683#3 697983206#3 697983206#4 697983206#5 369625684#4 369625684#1 212712098#0 212712098#1 368620842#0 368620842#1 368620842#2 368620842#4 368620842#5 368620842#6 368620842#8 698869617#0 698869617#1 698869618 -698869618"/>
        <stop chargingStation="cs5" duration="0"/>
        <stop containerStop="42B" duration="120"/>
        <stop containerStop="31" duration="120"/>
        <stop containerStop="32" duration="180"/>
        <stop containerStop="115" duration="180"/>
        <stop chargingStation="cs5" duration="0"/>
    </vehicle>
    <vehicle id="veh1" type="evehicle" depart="5.11" color="red">
        <param key="device.battery.chargeLevel" value="3000"/>
        <route edges="-698869618 -698869617#1 -698869617#0 368620842#9 668817633#1 668817633#2 212712104#4 212712104#4.105 212712104#4.133 724024576#1 724024576#2 724024576#3 724024576#4 724024576#5 724024576#6 724024576#8 724024576#9 -699411518#3 -699411518#2 -699411518#1 699411518#1 699411518#2 699411518#3 -724024576#9 -724024576#8 -724024576#6 -724024576#5 -724024576#4 -724024576#3 -724024576#2 -724024576#1 -212712104#4 -212712104#4.105 -212712104#40 -668817633#2 -668817633#1 -368620842#9 698869617#0 698869617#1 698869618 -698869618"/>
        <stop chargingStation="cs5" duration="0"/>
        <stop containerStop="75" duration="120"/>
        <stop chargingStation="cs5" duration="0"/>
    </vehicle>
</routes>
