<?xml version="1.0" ?>
<Route4Plan xmlns:xsi="http://www.w3.org/2001/XMLSchema-instance">
    <Solution Name="newesoguv32-c20-ds1" ProblemType="CEVRP" ObjectiveFunction="MinDistance" ChargingStrategy="FullCharge" NumberOfCustomers="20" BatteryCapacity="3000" MaxSpeed="12.5" VehicleMass="1000" MaximumLoadCapacityVolume="0" MaximumLoadCapacityKg="350" BatteryRechargingRate="0.18" EnergyConsumptionRate="1.0">
        <PerformanceMeasure>
            <Runtime>0.5916690826416016</Runtime>
            <StartTime>0</StartTime>
            <TotalDistance>10814.099999999999</TotalDistance>
            <TotalDuration>8108.104200000001</TotalDuration>
            <TotalEnergyConsumption>1206.34</TotalEnergyConsumption>
            <TotalTardiness>10075.503400000001</TotalTardiness>
            <TotalChargingTime>755.9946</TotalChargingTime>
            <NumberOfNodes>31</NumberOfNodes>
            <NumberOfServedCustomers>20</NumberOfServedCustomers>
            <NumberOfChargeStation>3</NumberOfChargeStation>
        </PerformanceMeasure>
        <Routes>
            <Route RouteId="Route 1" VehicleId="Vehicle 1" DriverId="Driver 1">
                <PerformanceMeasure>
                    <StartTime>0</StartTime>
                    <RouteDistance>3978.71</RouteDistance>
                    <RouteDuration>2089.3938</RouteDuration>
                    <RouteEnergyConsumption>470.48</RouteEnergyConsumption>
                    <RouteTardiness>1310.4393999999998</RouteTardiness>
                    <RouteChargingTime>607.329</RouteChargingTime>
                    <NumberOfNodes>10</NumberOfNodes>
                    <NumberOfChargeStation>2</NumberOfChargeStation>
                </PerformanceMeasure>
                <Nodes>
                    <Node NodeId="cs5" NodeType="Depot">
                        <Location>
                            <Latitude>39.751377</Latitude>
                            <Longitude>30.481888</Longitude>
                            <Elevation>0</Elevation>
                        </Location>
                        <ServiceInformation>
                            <ReadyTime>0</ReadyTime>
                            <WaitingTime>0</WaitingTime>
                            <ServiceTime>0</ServiceTime>
                            <DueDate>0</DueDate>
                            <ArrivalTime>0</ArrivalTime>
                        </ServiceInformation>
                        <LoadInformation>
                            <Weight>0</Weight>
                            <Volume>0</Volume>
                            <Units>0</Units>
                        </LoadInformation>
                        <PerformanceMeasure>
                            <AccDistance>0</AccDistance>
                            <AccDuration>0</AccDuration>
                            <AccEnergy>0</AccEnergy>
                            <AccTardiness>0</AccTardiness>
                            <RemainingCharge>3000</RemainingCharge>
                            <RemainingCapacity>
                                <Volume>0</Volume>
                                <Weight>0</Weight>
                            </RemainingCapacity>
                            <RemainingPayload>
                                <Volume>0</Volume>
                                <Weight>350</Weight>
                            </RemainingPayload>
                        </PerformanceMeasure>
                    </Node>
                    <Node NodeId="cs10" NodeType="ChargeStation">
                        <Location>
                            <Latitude>39.74961633910531</Latitude>
                            <Longitude>30.482464469369756</Longitude>
                            <Elevation>0</Elevation>
                        </Location>
                        <ServiceInformation>
                            <ReadyTime>0</ReadyTime>
                            <WaitingTime>0</WaitingTime>
                            <ServiceTime>80.40239999999997</ServiceTime>
                            <DueDate>0</DueDate>
                            <ArrivalTime>0</ArrivalTime>
                        </ServiceInformation>
                        <LoadInformation>
                            <Weight>0</Weight>
                            <Volume>0</Volume>
                            <Units>0</Units>
                        </LoadInformation>
                        <PerformanceMeasure>
                            <AccDistance>446.68</AccDistance>
                            <AccDuration>116.13679999999997</AccDuration>
                            <AccEnergy>70.12</AccEnergy>
                            <AccTardiness>0</AccTardiness>
                            <RemainingCharge>2553.32</RemainingCharge>
                            <RemainingCapacity>
                                <Volume>0</Volume>
                                <Weight>0.0</Weight>
                            </RemainingCapacity>
                            <RemainingPayload>
                                <Volume>0</Volume>
                                <Weight>350</Weight>
                            </RemainingPayload>
                        </PerformanceMeasure>
                    </Node>
                    <Node NodeId="51" NodeType="Customer">
                        <Location>
                            <Latitude>39.74961952776916</Latitude>
                            <Longitude>30.481925296747306</Longitude>
                            <Elevation>0</Elevation>
                        </Location>
                        <ServiceInformation>
                            <ReadyTime>521</ReadyTime>
                            <WaitingTime>479.2264</WaitingTime>
                            <ServiceTime>120</ServiceTime>
                            <DueDate>587</DueDate>
                            <ArrivalTime>122.17599999999996</ArrivalTime>
                        </ServiceInformation>
                        <LoadInformation>
                            <Weight>57</Weight>
                            <Volume>0</Volume>
                            <Units>3</Units>
                        </LoadInformation>
                        <PerformanceMeasure>
                            <AccDistance>522.17</AccDistance>
                            <AccDuration>641.0</AccDuration>
                            <AccEnergy>82.65</AccEnergy>
                            <AccTardiness>0</AccTardiness>
                            <RemainingCharge>2924.51</RemainingCharge>
                            <RemainingCapacity>
                                <Volume>0</Volume>
                                <Weight>57.0</Weight>
                            </RemainingCapacity>
                            <RemainingPayload>
                                <Volume>0</Volume>
                                <Weight>293</Weight>
                            </RemainingPayload>
                        </PerformanceMeasure>
                    </Node>
                    <Node NodeId="50" NodeType="Customer">
                        <Location>
                            <Latitude>39.74959454260446</Latitude>
                            <Longitude>30.483926558831705</Longitude>
                            <Elevation>0</Elevation>
                        </Location>
                        <ServiceInformation>
                            <ReadyTime>705</ReadyTime>
                            <WaitingTime>524.1704</WaitingTime>
                            <ServiceTime>120</ServiceTime>
                            <DueDate>781</DueDate>
                            <ArrivalTime>660.056</ArrivalTime>
                        </ServiceInformation>
                        <LoadInformation>
                            <Weight>38</Weight>
                            <Volume>0</Volume>
                            <Units>2</Units>
                        </LoadInformation>
                        <PerformanceMeasure>
                            <AccDistance>760.3699999999999</AccDistance>
                            <AccDuration>825.0</AccDuration>
                            <AccEnergy>103.22</AccEnergy>
                            <AccTardiness>0</AccTardiness>
                            <RemainingCharge>2686.3100000000004</RemainingCharge>
                            <RemainingCapacity>
                                <Volume>0</Volume>
                                <Weight>95.0</Weight>
                            </RemainingCapacity>
                            <RemainingPayload>
                                <Volume>0</Volume>
                                <Weight>255</Weight>
                            </RemainingPayload>
                        </PerformanceMeasure>
                    </Node>
                    <Node NodeId="9" NodeType="Customer">
                        <Location>
                            <Latitude>39.75131088559906</Latitude>
                            <Longitude>30.49188810970898</Longitude>
                            <Elevation>0</Elevation>
                        </Location>
                        <ServiceInformation>
                            <ReadyTime>324</ReadyTime>
                            <WaitingTime>524.1704</WaitingTime>
                            <ServiceTime>120</ServiceTime>
                            <DueDate>377</DueDate>
                            <ArrivalTime>904.6152</ArrivalTime>
                        </ServiceInformation>
                        <LoadInformation>
                            <Weight>76</Weight>
                            <Volume>0</Volume>
                            <Units>4</Units>
                        </LoadInformation>
                        <PerformanceMeasure>
                            <AccDistance>1755.56</AccDistance>
                            <AccDuration>1024.6152</AccDuration>
                            <AccEnergy>197.45999999999998</AccEnergy>
                            <AccTardiness>527.6152</AccTardiness>
                            <RemainingCharge>1691.1200000000003</RemainingCharge>
                            <RemainingCapacity>
                                <Volume>0</Volume>
                                <Weight>171.0</Weight>
                            </RemainingCapacity>
                            <RemainingPayload>
                                <Volume>0</Volume>
                                <Weight>179</Weight>
                            </RemainingPayload>
                        </PerformanceMeasure>
                    </Node>
                    <Node NodeId="27" NodeType="Customer">
                        <Location>
                            <Latitude>39.75309821429861</Latitude>
                            <Longitude>30.486782238629036</Longitude>
                            <Elevation>0</Elevation>
                        </Location>
                        <ServiceInformation>
                            <ReadyTime>644</ReadyTime>
                            <WaitingTime>524.1704</WaitingTime>
                            <ServiceTime>120</ServiceTime>
                            <DueDate>702</DueDate>
                            <ArrivalTime>1118.5736</ArrivalTime>
                        </ServiceInformation>
                        <LoadInformation>
                            <Weight>95</Weight>
                            <Volume>0</Volume>
                            <Units>5</Units>
                        </LoadInformation>
                        <PerformanceMeasure>
                            <AccDistance>2930.04</AccDistance>
                            <AccDuration>1238.5736</AccDuration>
                            <AccEnergy>349.90999999999997</AccEnergy>
                            <AccTardiness>944.1887999999999</AccTardiness>
                            <RemainingCharge>516.6400000000003</RemainingCharge>
                            <RemainingCapacity>
                                <Volume>0</Volume>
                                <Weight>266.0</Weight>
                            </RemainingCapacity>
                            <RemainingPayload>
                                <Volume>0</Volume>
                                <Weight>84</Weight>
                            </RemainingPayload>
                        </PerformanceMeasure>
                    </Node>
                    <Node NodeId="30" NodeType="Customer">
                        <Location>
                            <Latitude>39.753119684164226</Latitude>
                            <Longitude>30.48427108545857</Longitude>
                            <Elevation>0</Elevation>
                        </Location>
                        <ServiceInformation>
                            <ReadyTime>1213</ReadyTime>
                            <WaitingTime>524.1704</WaitingTime>
                            <ServiceTime>120</ServiceTime>
                            <DueDate>1291</DueDate>
                            <ArrivalTime>1256.432</ArrivalTime>
                        </ServiceInformation>
                        <LoadInformation>
                            <Weight>57</Weight>
                            <Volume>0</Volume>
                            <Units>3</Units>
                        </LoadInformation>
                        <PerformanceMeasure>
                            <AccDistance>3153.27</AccDistance>
                            <AccDuration>1376.432</AccDuration>
                            <AccEnergy>362.52</AccEnergy>
                            <AccTardiness>944.1887999999999</AccTardiness>
                            <RemainingCharge>293.4100000000003</RemainingCharge>
                            <RemainingCapacity>
                                <Volume>0</Volume>
                                <Weight>323.0</Weight>
                            </RemainingCapacity>
                            <RemainingPayload>
                                <Volume>0</Volume>
                                <Weight>27</Weight>
                            </RemainingPayload>
                        </PerformanceMeasure>
                    </Node>
                    <Node NodeId="cs4" NodeType="ChargeStation">
                        <Location>
                            <Latitude>39.75392997022956</Latitude>
                            <Longitude>30.484520671769562</Longitude>
                            <Elevation>0</Elevation>
                        </Location>
                        <ServiceInformation>
                            <ReadyTime>0</ReadyTime>
                            <WaitingTime>0</WaitingTime>
                            <ServiceTime>526.9266</ServiceTime>
                            <DueDate>0</DueDate>
                            <ArrivalTime>0</ArrivalTime>
                        </ServiceInformation>
                        <LoadInformation>
                            <Weight>0</Weight>
                            <Volume>0</Volume>
                            <Units>0</Units>
                        </LoadInformation>
                        <PerformanceMeasure>
                            <AccDistance>3374.05</AccDistance>
                            <AccDuration>1921.021</AccDuration>
                            <AccEnergy>398.33</AccEnergy>
                            <AccTardiness>944.1887999999999</AccTardiness>
                            <RemainingCharge>72.63000000000031</RemainingCharge>
                            <RemainingCapacity>
                                <Volume>0</Volume>
                                <Weight>323.0</Weight>
                            </RemainingCapacity>
                            <RemainingPayload>
                                <Volume>0</Volume>
                                <Weight>27</Weight>
                            </RemainingPayload>
                        </PerformanceMeasure>
                    </Node>
                    <Node NodeId="39" NodeType="Customer">
                        <Location>
                            <Latitude>39.752172063632734</Latitude>
                            <Longitude>30.483409077029524</Longitude>
                            <Elevation>0</Elevation>
                        </Location>
                        <ServiceInformation>
                            <ReadyTime>1523</ReadyTime>
                            <WaitingTime>629.8464000000001</WaitingTime>
                            <ServiceTime>120</ServiceTime>
                            <DueDate>1578</DueDate>
                            <ArrivalTime>1944.2505999999998</ArrivalTime>
                        </ServiceInformation>
                        <LoadInformation>
                            <Weight>19</Weight>
                            <Volume>0</Volume>
                            <Units>1</Units>
                        </LoadInformation>
                        <PerformanceMeasure>
                            <AccDistance>3664.42</AccDistance>
                            <AccDuration>2064.2506</AccDuration>
                            <AccEnergy>426.89</AccEnergy>
                            <AccTardiness>1310.4393999999998</AccTardiness>
                            <RemainingCharge>2709.63</RemainingCharge>
                            <RemainingCapacity>
                                <Volume>0</Volume>
                                <Weight>342.0</Weight>
                            </RemainingCapacity>
                            <RemainingPayload>
                                <Volume>0</Volume>
                                <Weight>8</Weight>
                            </RemainingPayload>
                        </PerformanceMeasure>
                    </Node>
                    <Node NodeId="cs5" NodeType="Depot">
                        <Location>
                            <Latitude>39.751377</Latitude>
                            <Longitude>30.481888</Longitude>
                            <Elevation>0</Elevation>
                        </Location>
                        <ServiceInformation>
                            <ReadyTime>0</ReadyTime>
                            <WaitingTime>0</WaitingTime>
                            <ServiceTime>0</ServiceTime>
                            <DueDate>0</DueDate>
                            <ArrivalTime>2089.3938</ArrivalTime>
                        </ServiceInformation>
                        <LoadInformation>
                            <Weight>0</Weight>
                            <Volume>0</Volume>
                            <Units>0</Units>
                        </LoadInformation>
                        <PerformanceMeasure>
                            <AccDistance>3978.71</AccDistance>
                            <AccDuration>2089.3938</AccDuration>
                            <AccEnergy>470.48</AccEnergy>
                            <AccTardiness>1310.4393999999998</AccTardiness>
                            <RemainingCharge>2395.34</RemainingCharge>
                            <RemainingCapacity>
                                <Volume>0</Volume>
                                <Weight>342.0</Weight>
                            </RemainingCapacity>
                            <RemainingPayload>
                                <Volume>0</Volume>
                                <Weight>8</Weight>
                            </RemainingPayload>
                        </PerformanceMeasure>
                    </Node>
                </Nodes>
            </Route>
            <Route RouteId="Route 2" VehicleId="Vehicle 2" DriverId="Driver 2">
                <PerformanceMeasure>
                    <StartTime>2089.3938</StartTime>
                    <RouteDistance>3679.54</RouteDistance>
                    <RouteDuration>2478.0496000000007</RouteDuration>
                    <RouteEnergyConsumption>427.42999999999995</RouteEnergyConsumption>
                    <RouteTardiness>6968.295200000002</RouteTardiness>
                    <RouteChargingTime>148.6656</RouteChargingTime>
                    <NumberOfNodes>9</NumberOfNodes>
                    <NumberOfChargeStation>1</NumberOfChargeStation>
                </PerformanceMeasure>
                <Nodes>
                    <Node NodeId="cs5" NodeType="Depot">
                        <Location>
                            <Latitude>39.751377</Latitude>
                            <Longitude>30.481888</Longitude>
                            <Elevation>0</Elevation>
                        </Location>
                        <ServiceInformation>
                            <ReadyTime>0</ReadyTime>
                            <WaitingTime>0</WaitingTime>
                            <ServiceTime>0</ServiceTime>
                            <DueDate>0</DueDate>
                            <ArrivalTime>0</ArrivalTime>
                        </ServiceInformation>
                        <LoadInformation>
                            <Weight>0</Weight>
                            <Volume>0</Volume>
                            <Units>0</Units>
                        </LoadInformation>
                        <PerformanceMeasure>
                            <AccDistance>0</AccDistance>
                            <AccDuration>0</AccDuration>
                            <AccEnergy>0</AccEnergy>
                            <AccTardiness>0</AccTardiness>
                            <RemainingCharge>3000</RemainingCharge>
                            <RemainingCapacity>
                                <Volume>0</Volume>
                                <Weight>0</Weight>
                            </RemainingCapacity>
                            <RemainingPayload>
                                <Volume>0</Volume>
                                <Weight>350</Weight>
                            </RemainingPayload>
                        </PerformanceMeasure>
                    </Node>
                    <Node NodeId="cs7" NodeType="ChargeStation">
                        <Location>
                            <Latitude>39.752912728054795</Latitude>
                            <Longitude>30.489341531024138</Longitude>
                            <Elevation>0</Elevation>
                        </Location>
                        <ServiceInformation>
                            <ReadyTime>0</ReadyTime>
                            <WaitingTime>0</WaitingTime>
                            <ServiceTime>148.6656</ServiceTime>
                            <DueDate>0</DueDate>
                            <ArrivalTime>0</ArrivalTime>
                        </ServiceInformation>
                        <LoadInformation>
                            <Weight>0</Weight>
                            <Volume>0</Volume>
                            <Units>0</Units>
                        </LoadInformation>
                        <PerformanceMeasure>
                            <AccDistance>825.92</AccDistance>
                            <AccDuration>214.7392</AccDuration>
                            <AccEnergy>98.11</AccEnergy>
                            <AccTardiness>0</AccTardiness>
                            <RemainingCharge>2174.08</RemainingCharge>
                            <RemainingCapacity>
                                <Volume>0</Volume>
                                <Weight>0.0</Weight>
                            </RemainingCapacity>
                            <RemainingPayload>
                                <Volume>0</Volume>
                                <Weight>350</Weight>
                            </RemainingPayload>
                        </PerformanceMeasure>
                    </Node>
                    <Node NodeId="115" NodeType="Customer">
                        <Location>
                            <Latitude>39.7523728688112</Latitude>
                            <Longitude>30.49019735592993</Longitude>
                            <Elevation>0</Elevation>
                        </Location>
                        <ServiceInformation>
                            <ReadyTime>1459</ReadyTime>
                            <WaitingTime>1363.6864</WaitingTime>
                            <ServiceTime>180</ServiceTime>
                            <DueDate>1531</DueDate>
                            <ArrivalTime>243.97920000000002</ArrivalTime>
                        </ServiceInformation>
                        <LoadInformation>
                            <Weight>76</Weight>
                            <Volume>0</Volume>
                            <Units>4</Units>
                        </LoadInformation>
                        <PerformanceMeasure>
                            <AccDistance>1191.42</AccDistance>
                            <AccDuration>1639.0</AccDuration>
                            <AccEnergy>137.51</AccEnergy>
                            <AccTardiness>0</AccTardiness>
                            <RemainingCharge>2634.5</RemainingCharge>
                            <RemainingCapacity>
                                <Volume>0</Volume>
                                <Weight>76.0</Weight>
                            </RemainingCapacity>
                            <RemainingPayload>
                                <Volume>0</Volume>
                                <Weight>274</Weight>
                            </RemainingPayload>
                        </PerformanceMeasure>
                    </Node>
                    <Node NodeId="2" NodeType="Customer">
                        <Location>
                            <Latitude>39.751938002852754</Latitude>
                            <Longitude>30.49231551642376</Longitude>
                            <Elevation>0</Elevation>
                        </Location>
                        <ServiceInformation>
                            <ReadyTime>257</ReadyTime>
                            <WaitingTime>1363.6864</WaitingTime>
                            <ServiceTime>120</ServiceTime>
                            <DueDate>303</DueDate>
                            <ArrivalTime>1668.7152</ArrivalTime>
                        </ServiceInformation>
                        <LoadInformation>
                            <Weight>95</Weight>
                            <Volume>0</Volume>
                            <Units>5</Units>
                        </LoadInformation>
                        <PerformanceMeasure>
                            <AccDistance>1562.8600000000001</AccDistance>
                            <AccDuration>1788.7152</AccDuration>
                            <AccEnergy>183.12</AccEnergy>
                            <AccTardiness>1365.7152</AccTardiness>
                            <RemainingCharge>2263.06</RemainingCharge>
                            <RemainingCapacity>
                                <Volume>0</Volume>
                                <Weight>171.0</Weight>
                            </RemainingCapacity>
                            <RemainingPayload>
                                <Volume>0</Volume>
                                <Weight>179</Weight>
                            </RemainingPayload>
                        </PerformanceMeasure>
                    </Node>
                    <Node NodeId="8" NodeType="Customer">
                        <Location>
                            <Latitude>39.75130983375398</Latitude>
                            <Longitude>30.49314629224774</Longitude>
                            <Elevation>0</Elevation>
                        </Location>
                        <ServiceInformation>
                            <ReadyTime>416</ReadyTime>
                            <WaitingTime>1363.6864</WaitingTime>
                            <ServiceTime>120</ServiceTime>
                            <DueDate>495</DueDate>
                            <ArrivalTime>1799.2224</ArrivalTime>
                        </ServiceInformation>
                        <LoadInformation>
                            <Weight>38</Weight>
                            <Volume>0</Volume>
                            <Units>2</Units>
                        </LoadInformation>
                        <PerformanceMeasure>
                            <AccDistance>1694.2</AccDistance>
                            <AccDuration>1919.2224</AccDuration>
                            <AccEnergy>191.6</AccEnergy>
                            <AccTardiness>2669.9376</AccTardiness>
                            <RemainingCharge>2131.72</RemainingCharge>
                            <RemainingCapacity>
                                <Volume>0</Volume>
                                <Weight>209.0</Weight>
                            </RemainingCapacity>
                            <RemainingPayload>
                                <Volume>0</Volume>
                                <Weight>141</Weight>
                            </RemainingPayload>
                        </PerformanceMeasure>
                    </Node>
                    <Node NodeId="26" NodeType="Customer">
                        <Location>
                            <Latitude>39.753632440087195</Latitude>
                            <Longitude>30.489956322270203</Longitude>
                            <Elevation>0</Elevation>
                        </Location>
                        <ServiceInformation>
                            <ReadyTime>474</ReadyTime>
                            <WaitingTime>1363.6864</WaitingTime>
                            <ServiceTime>120</ServiceTime>
                            <DueDate>531</DueDate>
                            <ArrivalTime>1978.1512</ArrivalTime>
                        </ServiceInformation>
                        <LoadInformation>
                            <Weight>76</Weight>
                            <Volume>0</Volume>
                            <Units>4</Units>
                        </LoadInformation>
                        <PerformanceMeasure>
                            <AccDistance>2430.81</AccDistance>
                            <AccDuration>2098.1512000000002</AccDuration>
                            <AccEnergy>264.15</AccEnergy>
                            <AccTardiness>4117.0888</AccTardiness>
                            <RemainingCharge>1395.1099999999997</RemainingCharge>
                            <RemainingCapacity>
                                <Volume>0</Volume>
                                <Weight>285.0</Weight>
                            </RemainingCapacity>
                            <RemainingPayload>
                                <Volume>0</Volume>
                                <Weight>65</Weight>
                            </RemainingPayload>
                        </PerformanceMeasure>
                    </Node>
                    <Node NodeId="116" NodeType="Customer">
                        <Location>
                            <Latitude>39.753952877591864</Latitude>
                            <Longitude>30.48821070669683</Longitude>
                            <Elevation>0</Elevation>
                        </Location>
                        <ServiceInformation>
                            <ReadyTime>494</ReadyTime>
                            <WaitingTime>1363.6864</WaitingTime>
                            <ServiceTime>100</ServiceTime>
                            <DueDate>557</DueDate>
                            <ArrivalTime>2119.3192000000004</ArrivalTime>
                        </ServiceInformation>
                        <LoadInformation>
                            <Weight>19</Weight>
                            <Volume>0</Volume>
                            <Units>1</Units>
                        </LoadInformation>
                        <PerformanceMeasure>
                            <AccDistance>2695.41</AccDistance>
                            <AccDuration>2219.3192000000004</AccDuration>
                            <AccEnergy>284.90999999999997</AccEnergy>
                            <AccTardiness>5679.408000000001</AccTardiness>
                            <RemainingCharge>1130.5099999999998</RemainingCharge>
                            <RemainingCapacity>
                                <Volume>0</Volume>
                                <Weight>304.0</Weight>
                            </RemainingCapacity>
                            <RemainingPayload>
                                <Volume>0</Volume>
                                <Weight>46</Weight>
                            </RemainingPayload>
                        </PerformanceMeasure>
                    </Node>
                    <Node NodeId="37B" NodeType="Customer">
                        <Location>
                            <Latitude>39.751350362874504</Latitude>
                            <Longitude>30.484797015789034</Longitude>
                            <Elevation>0</Elevation>
                        </Location>
                        <ServiceInformation>
                            <ReadyTime>933</ReadyTime>
                            <WaitingTime>1363.6864</WaitingTime>
                            <ServiceTime>180</ServiceTime>
                            <DueDate>984</DueDate>
                            <ArrivalTime>2272.8872000000006</ArrivalTime>
                        </ServiceInformation>
                        <LoadInformation>
                            <Weight>19</Weight>
                            <Volume>0</Volume>
                            <Units>1</Units>
                        </LoadInformation>
                        <PerformanceMeasure>
                            <AccDistance>3365.0099999999998</AccDistance>
                            <AccDuration>2452.8872000000006</AccDuration>
                            <AccEnergy>398.16999999999996</AccEnergy>
                            <AccTardiness>6968.295200000002</AccTardiness>
                            <RemainingCharge>460.90999999999974</RemainingCharge>
                            <RemainingCapacity>
                                <Volume>0</Volume>
                                <Weight>323.0</Weight>
                            </RemainingCapacity>
                            <RemainingPayload>
                                <Volume>0</Volume>
                                <Weight>27</Weight>
                            </RemainingPayload>
                        </PerformanceMeasure>
                    </Node>
                    <Node NodeId="cs5" NodeType="Depot">
                        <Location>
                            <Latitude>39.751377</Latitude>
                            <Longitude>30.481888</Longitude>
                            <Elevation>0</Elevation>
                        </Location>
                        <ServiceInformation>
                            <ReadyTime>0</ReadyTime>
                            <WaitingTime>0</WaitingTime>
                            <ServiceTime>0</ServiceTime>
                            <DueDate>0</DueDate>
                            <ArrivalTime>2478.0496000000007</ArrivalTime>
                        </ServiceInformation>
                        <LoadInformation>
                            <Weight>0</Weight>
                            <Volume>0</Volume>
                            <Units>0</Units>
                        </LoadInformation>
                        <PerformanceMeasure>
                            <AccDistance>3679.54</AccDistance>
                            <AccDuration>2478.0496000000007</AccDuration>
                            <AccEnergy>427.42999999999995</AccEnergy>
                            <AccTardiness>6968.295200000002</AccTardiness>
                            <RemainingCharge>146.37999999999977</RemainingCharge>
                            <RemainingCapacity>
                                <Volume>0</Volume>
                                <Weight>323.0</Weight>
                            </RemainingCapacity>
                            <RemainingPayload>
                                <Volume>0</Volume>
                                <Weight>27</Weight>
                            </RemainingPayload>
                        </PerformanceMeasure>
                    </Node>
                </Nodes>
            </Route>
            <Route RouteId="Route 3" VehicleId="Vehicle 3" DriverId="Driver 3">
                <PerformanceMeasure>
                    <StartTime>4567.4434</StartTime>
                    <RouteDistance>1307.31</RouteDistance>
                    <RouteDuration>1864.1504</RouteDuration>
                    <RouteEnergyConsumption>149.95</RouteEnergyConsumption>
                    <RouteTardiness>1520.7008</RouteTardiness>
                    <RouteChargingTime>0</RouteChargingTime>
                    <NumberOfNodes>5</NumberOfNodes>
                    <NumberOfChargeStation>0</NumberOfChargeStation>
                </PerformanceMeasure>
                <Nodes>
                    <Node NodeId="cs5" NodeType="Depot">
                        <Location>
                            <Latitude>39.751377</Latitude>
                            <Longitude>30.481888</Longitude>
                            <Elevation>0</Elevation>
                        </Location>
                        <ServiceInformation>
                            <ReadyTime>0</ReadyTime>
                            <WaitingTime>0</WaitingTime>
                            <ServiceTime>0</ServiceTime>
                            <DueDate>0</DueDate>
                            <ArrivalTime>0</ArrivalTime>
                        </ServiceInformation>
                        <LoadInformation>
                            <Weight>0</Weight>
                            <Volume>0</Volume>
                            <Units>0</Units>
                        </LoadInformation>
                        <PerformanceMeasure>
                            <AccDistance>0</AccDistance>
                            <AccDuration>0</AccDuration>
                            <AccEnergy>0</AccEnergy>
                            <AccTardiness>0</AccTardiness>
                            <RemainingCharge>3000</RemainingCharge>
                            <RemainingCapacity>
                                <Volume>0</Volume>
                                <Weight>0</Weight>
                            </RemainingCapacity>
                            <RemainingPayload>
                                <Volume>0</Volume>
                                <Weight>350</Weight>
                            </RemainingPayload>
                        </PerformanceMeasure>
                    </Node>
                    <Node NodeId="31" NodeType="Customer">
                        <Location>
                            <Latitude>39.752940711050194</Latitude>
                            <Longitude>30.48307218165666</Longitude>
                            <Elevation>0</Elevation>
                        </Location>
                        <ServiceInformation>
                            <ReadyTime>1372</ReadyTime>
                            <WaitingTime>1339.5656</WaitingTime>
                            <ServiceTime>120</ServiceTime>
                            <DueDate>1448</DueDate>
                            <ArrivalTime>32.434400000000004</ArrivalTime>
                        </ServiceInformation>
                        <LoadInformation>
                            <Weight>57</Weight>
                            <Volume>0</Volume>
                            <Units>3</Units>
                        </LoadInformation>
                        <PerformanceMeasure>
                            <AccDistance>405.43</AccDistance>
                            <AccDuration>1492.0</AccDuration>
                            <AccEnergy>31.72</AccEnergy>
                            <AccTardiness>0</AccTardiness>
                            <RemainingCharge>2594.57</RemainingCharge>
                            <RemainingCapacity>
                                <Volume>0</Volume>
                                <Weight>57.0</Weight>
                            </RemainingCapacity>
                            <RemainingPayload>
                                <Volume>0</Volume>
                                <Weight>293</Weight>
                            </RemainingPayload>
                        </PerformanceMeasure>
                    </Node>
                    <Node NodeId="42B" NodeType="Customer">
                        <Location>
                            <Latitude>39.752332547967136</Latitude>
                            <Longitude>30.481199405139684</Longitude>
                            <Elevation>0</Elevation>
                        </Location>
                        <ServiceInformation>
                            <ReadyTime>649</ReadyTime>
                            <WaitingTime>1339.5656</WaitingTime>
                            <ServiceTime>120</ServiceTime>
                            <DueDate>729</DueDate>
                            <ArrivalTime>1507.172</ArrivalTime>
                        </ServiceInformation>
                        <LoadInformation>
                            <Weight>95</Weight>
                            <Volume>0</Volume>
                            <Units>5</Units>
                        </LoadInformation>
                        <PerformanceMeasure>
                            <AccDistance>595.08</AccDistance>
                            <AccDuration>1627.172</AccDuration>
                            <AccEnergy>44.86</AccEnergy>
                            <AccTardiness>778.172</AccTardiness>
                            <RemainingCharge>2404.92</RemainingCharge>
                            <RemainingCapacity>
                                <Volume>0</Volume>
                                <Weight>152.0</Weight>
                            </RemainingCapacity>
                            <RemainingPayload>
                                <Volume>0</Volume>
                                <Weight>198</Weight>
                            </RemainingPayload>
                        </PerformanceMeasure>
                    </Node>
                    <Node NodeId="153" NodeType="Customer">
                        <Location>
                            <Latitude>39.749968</Latitude>
                            <Longitude>30.48091</Longitude>
                            <Elevation>0</Elevation>
                        </Location>
                        <ServiceInformation>
                            <ReadyTime>867</ReadyTime>
                            <WaitingTime>1339.5656</WaitingTime>
                            <ServiceTime>180</ServiceTime>
                            <DueDate>922</DueDate>
                            <ArrivalTime>1664.5288</ArrivalTime>
                        </ServiceInformation>
                        <LoadInformation>
                            <Weight>19</Weight>
                            <Volume>0</Volume>
                            <Units>1</Units>
                        </LoadInformation>
                        <PerformanceMeasure>
                            <AccDistance>1062.04</AccDistance>
                            <AccDuration>1844.5288</AccDuration>
                            <AccEnergy>124.42999999999999</AccEnergy>
                            <AccTardiness>1520.7008</AccTardiness>
                            <RemainingCharge>1937.96</RemainingCharge>
                            <RemainingCapacity>
                                <Volume>0</Volume>
                                <Weight>171.0</Weight>
                            </RemainingCapacity>
                            <RemainingPayload>
                                <Volume>0</Volume>
                                <Weight>179</Weight>
                            </RemainingPayload>
                        </PerformanceMeasure>
                    </Node>
                    <Node NodeId="cs5" NodeType="Depot">
                        <Location>
                            <Latitude>39.751377</Latitude>
                            <Longitude>30.481888</Longitude>
                            <Elevation>0</Elevation>
                        </Location>
                        <ServiceInformation>
                            <ReadyTime>0</ReadyTime>
                            <WaitingTime>0</WaitingTime>
                            <ServiceTime>0</ServiceTime>
                            <DueDate>0</DueDate>
                            <ArrivalTime>1864.1504</ArrivalTime>
                        </ServiceInformation>
                        <LoadInformation>
                            <Weight>0</Weight>
                            <Volume>0</Volume>
                            <Units>0</Units>
                        </LoadInformation>
                        <PerformanceMeasure>
                            <AccDistance>1307.31</AccDistance>
                            <AccDuration>1864.1504</AccDuration>
                            <AccEnergy>149.95</AccEnergy>
                            <AccTardiness>1520.7008</AccTardiness>
                            <RemainingCharge>1692.69</RemainingCharge>
                            <RemainingCapacity>
                                <Volume>0</Volume>
                                <Weight>171.0</Weight>
                            </RemainingCapacity>
                            <RemainingPayload>
                                <Volume>0</Volume>
                                <Weight>179</Weight>
                            </RemainingPayload>
                        </PerformanceMeasure>
                    </Node>
                </Nodes>
            </Route>
            <Route RouteId="Route 4" VehicleId="Vehicle 4" DriverId="Driver 4">
                <PerformanceMeasure>
                    <StartTime>6431.593800000001</StartTime>
                    <RouteDistance>1848.54</RouteDistance>
                    <RouteDuration>1676.5104000000001</RouteDuration>
                    <RouteEnergyConsumption>158.48000000000002</RouteEnergyConsumption>
                    <RouteTardiness>276.068</RouteTardiness>
                    <RouteChargingTime>0</RouteChargingTime>
                    <NumberOfNodes>7</NumberOfNodes>
                    <NumberOfChargeStation>0</NumberOfChargeStation>
                </PerformanceMeasure>
                <Nodes>
                    <Node NodeId="cs5" NodeType="Depot">
                        <Location>
                            <Latitude>39.751377</Latitude>
                            <Longitude>30.481888</Longitude>
                            <Elevation>0</Elevation>
                        </Location>
                        <ServiceInformation>
                            <ReadyTime>0</ReadyTime>
                            <WaitingTime>0</WaitingTime>
                            <ServiceTime>0</ServiceTime>
                            <DueDate>0</DueDate>
                            <ArrivalTime>0</ArrivalTime>
                        </ServiceInformation>
                        <LoadInformation>
                            <Weight>0</Weight>
                            <Volume>0</Volume>
                            <Units>0</Units>
                        </LoadInformation>
                        <PerformanceMeasure>
                            <AccDistance>0</AccDistance>
                            <AccDuration>0</AccDuration>
                            <AccEnergy>0</AccEnergy>
                            <AccTardiness>0</AccTardiness>
                            <RemainingCharge>3000</RemainingCharge>
                            <RemainingCapacity>
                                <Volume>0</Volume>
                                <Weight>0</Weight>
                            </RemainingCapacity>
                            <RemainingPayload>
                                <Volume>0</Volume>
                                <Weight>350</Weight>
                            </RemainingPayload>
                        </PerformanceMeasure>
                    </Node>
                    <Node NodeId="49" NodeType="Customer">
                        <Location>
                            <Latitude>39.75117773935171</Latitude>
                            <Longitude>30.483082386576555</Longitude>
                            <Elevation>0</Elevation>
                        </Location>
                        <ServiceInformation>
                            <ReadyTime>395</ReadyTime>
                            <WaitingTime>383.3456</WaitingTime>
                            <ServiceTime>120</ServiceTime>
                            <DueDate>440</DueDate>
                            <ArrivalTime>11.6544</ArrivalTime>
                        </ServiceInformation>
                        <LoadInformation>
                            <Weight>38</Weight>
                            <Volume>0</Volume>
                            <Units>2</Units>
                        </LoadInformation>
                        <PerformanceMeasure>
                            <AccDistance>145.68</AccDistance>
                            <AccDuration>515.0</AccDuration>
                            <AccEnergy>8.14</AccEnergy>
                            <AccTardiness>0</AccTardiness>
                            <RemainingCharge>2854.32</RemainingCharge>
                            <RemainingCapacity>
                                <Volume>0</Volume>
                                <Weight>38.0</Weight>
                            </RemainingCapacity>
                            <RemainingPayload>
                                <Volume>0</Volume>
                                <Weight>312</Weight>
                            </RemainingPayload>
                        </PerformanceMeasure>
                    </Node>
                    <Node NodeId="44" NodeType="Customer">
                        <Location>
                            <Latitude>39.75105671042203</Latitude>
                            <Longitude>30.477166383283375</Longitude>
                            <Elevation>0</Elevation>
                        </Location>
                        <ServiceInformation>
                            <ReadyTime>280</ReadyTime>
                            <WaitingTime>383.3456</WaitingTime>
                            <ServiceTime>120</ServiceTime>
                            <DueDate>347</DueDate>
                            <ArrivalTime>562.2456</ArrivalTime>
                        </ServiceInformation>
                        <LoadInformation>
                            <Weight>57</Weight>
                            <Volume>0</Volume>
                            <Units>3</Units>
                        </LoadInformation>
                        <PerformanceMeasure>
                            <AccDistance>736.25</AccDistance>
                            <AccDuration>682.2456</AccDuration>
                            <AccEnergy>43.56</AccEnergy>
                            <AccTardiness>215.24559999999997</AccTardiness>
                            <RemainingCharge>2263.75</RemainingCharge>
                            <RemainingCapacity>
                                <Volume>0</Volume>
                                <Weight>95.0</Weight>
                            </RemainingCapacity>
                            <RemainingPayload>
                                <Volume>0</Volume>
                                <Weight>255</Weight>
                            </RemainingPayload>
                        </PerformanceMeasure>
                    </Node>
                    <Node NodeId="58/2" NodeType="Customer">
                        <Location>
                            <Latitude>39.74980543200844</Latitude>
                            <Longitude>30.476343772441627</Longitude>
                            <Elevation>0</Elevation>
                        </Location>
                        <ServiceInformation>
                            <ReadyTime>860</ReadyTime>
                            <WaitingTime>544.6272</WaitingTime>
                            <ServiceTime>240</ServiceTime>
                            <DueDate>905</DueDate>
                            <ArrivalTime>698.7184</ArrivalTime>
                        </ServiceInformation>
                        <LoadInformation>
                            <Weight>38</Weight>
                            <Volume>0</Volume>
                            <Units>2</Units>
                        </LoadInformation>
                        <PerformanceMeasure>
                            <AccDistance>942.16</AccDistance>
                            <AccDuration>1100.0</AccDuration>
                            <AccEnergy>72.26</AccEnergy>
                            <AccTardiness>215.24559999999997</AccTardiness>
                            <RemainingCharge>2057.84</RemainingCharge>
                            <RemainingCapacity>
                                <Volume>0</Volume>
                                <Weight>133.0</Weight>
                            </RemainingCapacity>
                            <RemainingPayload>
                                <Volume>0</Volume>
                                <Weight>217</Weight>
                            </RemainingPayload>
                        </PerformanceMeasure>
                    </Node>
                    <Node NodeId="58/1" NodeType="Customer">
                        <Location>
                            <Latitude>39.74980543200844</Latitude>
                            <Longitude>30.476343772441627</Longitude>
                            <Elevation>0</Elevation>
                        </Location>
                        <ServiceInformation>
                            <ReadyTime>1304</ReadyTime>
                            <WaitingTime>748.6272</WaitingTime>
                            <ServiceTime>180</ServiceTime>
                            <DueDate>1366</DueDate>
                            <ArrivalTime>1100.0</ArrivalTime>
                        </ServiceInformation>
                        <LoadInformation>
                            <Weight>19</Weight>
                            <Volume>0</Volume>
                            <Units>1</Units>
                        </LoadInformation>
                        <PerformanceMeasure>
                            <AccDistance>942.16</AccDistance>
                            <AccDuration>1484.0</AccDuration>
                            <AccEnergy>72.26</AccEnergy>
                            <AccTardiness>215.24559999999997</AccTardiness>
                            <RemainingCharge>2057.84</RemainingCharge>
                            <RemainingCapacity>
                                <Volume>0</Volume>
                                <Weight>152.0</Weight>
                            </RemainingCapacity>
                            <RemainingPayload>
                                <Volume>0</Volume>
                                <Weight>198</Weight>
                            </RemainingPayload>
                        </PerformanceMeasure>
                    </Node>
                    <Node NodeId="43C" NodeType="Customer">
                        <Location>
                            <Latitude>39.75222466450154</Latitude>
                            <Longitude>30.479998512975016</Longitude>
                            <Elevation>0</Elevation>
                        </Location>
                        <ServiceInformation>
                            <ReadyTime>1396</ReadyTime>
                            <WaitingTime>748.6272</WaitingTime>
                            <ServiceTime>120</ServiceTime>
                            <DueDate>1468</DueDate>
                            <ArrivalTime>1528.8224</ArrivalTime>
                        </ServiceInformation>
                        <LoadInformation>
                            <Weight>76</Weight>
                            <Volume>0</Volume>
                            <Units>4</Units>
                        </LoadInformation>
                        <PerformanceMeasure>
                            <AccDistance>1502.44</AccDistance>
                            <AccDuration>1648.8224</AccDuration>
                            <AccEnergy>98.23</AccEnergy>
                            <AccTardiness>276.068</AccTardiness>
                            <RemainingCharge>1497.5600000000002</RemainingCharge>
                            <RemainingCapacity>
                                <Volume>0</Volume>
                                <Weight>228.0</Weight>
                            </RemainingCapacity>
                            <RemainingPayload>
                                <Volume>0</Volume>
                                <Weight>122</Weight>
                            </RemainingPayload>
                        </PerformanceMeasure>
                    </Node>
                    <Node NodeId="cs5" NodeType="Depot">
                        <Location>
                            <Latitude>39.751377</Latitude>
                            <Longitude>30.481888</Longitude>
                            <Elevation>0</Elevation>
                        </Location>
                        <ServiceInformation>
                            <ReadyTime>0</ReadyTime>
                            <WaitingTime>0</WaitingTime>
                            <ServiceTime>0</ServiceTime>
                            <DueDate>0</DueDate>
                            <ArrivalTime>1676.5104000000001</ArrivalTime>
                        </ServiceInformation>
                        <LoadInformation>
                            <Weight>0</Weight>
                            <Volume>0</Volume>
                            <Units>0</Units>
                        </LoadInformation>
                        <PerformanceMeasure>
                            <AccDistance>1848.54</AccDistance>
                            <AccDuration>1676.5104000000001</AccDuration>
                            <AccEnergy>158.48000000000002</AccEnergy>
                            <AccTardiness>276.068</AccTardiness>
                            <RemainingCharge>1151.46</RemainingCharge>
                            <RemainingCapacity>
                                <Volume>0</Volume>
                                <Weight>228.0</Weight>
                            </RemainingCapacity>
                            <RemainingPayload>
                                <Volume>0</Volume>
                                <Weight>122</Weight>
                            </RemainingPayload>
                        </PerformanceMeasure>
                    </Node>
                </Nodes>
            </Route>
        </Routes>
    </Solution>
</Route4Plan>
