Time_Stamp,ID,Extended,Bus,LEN,latitude,longitude,altitude,cabin_temperature,outdoor_temperature,slope,driver_id,route_id,soc_estimation,driver_behavior,estimated_charging_time,maintenance_info,Torque_Available_Forward,Torque_Available_Reverse,InverterStatus,Torque_Limit_Code,SEQ_Status,CS_Status,Temperature_Remaining,MotorTemperature,DC_Link_Voltage,SEQ_Temp,CS_Temp,Encoder_pos,high_beam_st,low_beam_st,percenatge_on,kmh_sign_status,right_indicator,left_indicator_st,hazard_feedback,park_brake_st,charging_plug_feedback,brightness_st,brake_oil_st,ignition_on,KL15_ON,R_position_selected,D_position_selected,N_position_selected,seat_belt_st,door_switch,overload_st,DCDC_Status,Torque_Measured,Speed_Measured,DC_Link_Current,SEQ_Torque,CS_Torque,FaultCode,FaultData,SEQ_Fault,CS_Fault,PACK_Q_SOC_INTERNAL,PACK_Q_SOC_TRIMMED,PACK_Q_REMAINING_HI_RES,Mode_Control,Pre_charge_Status,HALL_V_HALL_V_LO,HALL_V_HALL_V_HI,PACK_I_HALL,motor_status,system_failure,charging_status,LV_Battery_rq,brake_malfunction,error_sounds,vehicle_ready,SoC,power_bar,gear_selector_st,close_lcd,CMU1_Cell_1,CMU1_Cell_2,CMU1_Cell_3,CMU1_Cell_4,vehicle_speed,range,Throtle_Pedal,Odometer,CMU1_Cell_5,CMU1_Cell_6,CMU1_Cell_7,CMU1_Cell_8,CMU1_Cell_9,CMU1_Cell_10,CMU1_Cell_11,CMU1_Cell_12,CMU2_Cell_1,CMU2_Cell_2,CMU2_Cell_3,CMU2_Cell_4,CMU2_Cell_5,CMU2_Cell_6,CMU2_Cell_7,CMU2_Cell_8,CMU2_Cell_9,CMU2_Cell_10,CMU2_Cell_11,CMU2_Cell_12,CELL_T_MIN_ID_CMU,CELL_T_MIN_ID_CELL,CELL_T_MAX_ID_CMU,CELL_T_MAX_ID_CELL,CELL_V_MIN_ID_CMU,CELL_V_MIN_ID_CELL,CELL_V_MAX_ID_CMU,CELL_V_MAX_ID_CELL,CELL_V_MIN_VAL,CELL_V_MAX_VAL,CELL_V_AVG,CELL_T_MIN_VAL,CELL_T_MAX_VAL,PACK_Q_REMAINING_NOMINAL,PACK_Q_DESIGN,PACK_Q_FULL,PACK_V_SUM_OF_CELLS,PACK_V_EXT_LOAD,PACK_V_EXT_CHG,Balancing_Allowed,Balancing_Limit,Flags_Balancing_Active,Balancing_Balance_Setting_CMU1,Balancing_Balance_Setting_CMU2,c50001_LOAD,c50002_Charge,c50003_Pre_Charge,FLAGS_FULLY_CHARGED_LATCHED,FLAGS_LOAD_ACTIVE,FLAGS_CHARGER_ACTIVE,FLAGS_PRECHARGE_ACTIVE,FLAGS_CHARGE_REG_ACTIVE,FLAGS_FULLY_CHARGED,Dyn_Lim_I_In,Dyn_Lim_I_Out,Dyn_Lim_i2t_Remain,SOH,STATUS,IO_STATE_INPUT,IO_STATE_OUTPUT,B_WU_CAN,B_WU_IGN,CONTACTORS_ACTIVATE_CHARGE,CONTACTORS_ACTIVATE_COMBINED,CONTACTORS_ACTIVATE_LOAD,CONTACTORS_ACTIVATION_ALLOWED,CONTACTORS_CHARGER_ACTIVATED,CONTACTORS_EMERGENCY_OFF,CONTACTORS_ENABLED,CONTACTORS_LOAD_ACTIVATED,CONTACTORS_COMBINED_ACTIVATED,CONTACTORS_CONTACTOR_RETRIES,Charge_Voltage,Charge_Current,Charger_Enable,Torque_Request,ControlWord,Torque_Traction_Limit,SEQ_Command1,CS_Command1,Torque_Regen_Limit,Speed_Limit_Forward,Speed_Limit_Reverse,SEQ_Command2,CS_Command2,DC_Link_Imax_Discharge,DC_Link_Imax_Recharge,DC_Link_Voltage_Target,SEQ_CurrentLimits,CS_CurrentLimits,Debug_Id_act,Debug_Iq_act,Debug_Id_ref,Debug_Iq_ref,Debug_Ud,Debug_Uq,Debug_Mod_Index,Debug_Torque_Control,Debug_max_flux,Debug_Iv_lim,Debug_Iq_max,Debug_Ls,Debug_Temps_Junction_0,Debug_Temps_Junction_1,Debug_Temps_Junction_2,Debug_Temps_Junction_3,Debug_Temps_Junction_4,Debug_Temps_Junction_5,Debug_Temps_Motor_Measured,Debug_Temps_Motor_Estimate,Debug_Temps_Cap_Estimate_Fast,Debug_Temps_Track,Debug_Temps_Cap_Estimate_Slow,Debug_Temps_Heatsink,Debug_Temps_Delta_Tj,Debug_Temps_Normalised,Debug_Temps_Coolant,Debug_Temps_Winding,CRITICAL_SEVERITY,NORMAL_SEVERITY,LOW_SEVERITY,ACTIVE_COUNT,Total_Number_Errors,Timer,Severity,Error_Code
2025-02-25 10:28:55,0x191171FA,True,can0,8,39.747316166666664,30.4749115,817.5,12.14,-0.07,-4,user1,t_0,00:32,100,19 saat 11 dakika,['1000 km bakımı: Servise gidin.'],68.0,-68.0,Enabled,2,234,241,51,19,48.875,233,64,2875.174819946289,OFF,OFF,OFF,ON,OFF,OFF,OFF,OFF,OFF,Night mode,OFF,ON,ON,Not pressed,Pressed,Not pressed,OFF,OFF,OFF,0,29.0,683,1,234,152,No Fault,0,11,11,30.900000000000002,28.73,1008,Load_Mode,Not_PreCharge,2537.5,5099.400000000001,11.8,OFF,OFF,OFF,OFF,OFF,No error,ON,29,3,D_Posiiton,0,3258.6000000000004,3262.5,3262.8,3263.3,7.5,43,0,1072.5,3262.7000000000003,3263.1000000000004,3264.0,3264.5,3264.1000000000004,3259.3,0.0,55.1,3263.9,3266.0,3266.1000000000004,3264.9,3262.9,0.0,0.0,0.1,0.1,0.2,0.1,0.1,0,2,0,3,1,1,2,3,3258.6000000000004,3266.1000000000004,3263.2000000000003,-3,-2,100.80000000000001,326.0,326.0,48.900000000000006,225.9,225.9,1,3350.0,1,0,0,1,0,0,0,1,0,0,1,0,0.0,184.8,711480,100.0,Active,51,0,1,0,0,0,1,1,0,0,1,1,0,1,54.800000000000004,0.0,Enable,28.0,5,75.0,0,0,-400.0,4700,-1100,0,0,184,0,0.0,0,0,22.1875,0.625,21.8125,184.8125,0.5625,1.375,0.07421875,30.0,0,0,0,0.0,12,12,12,12,12,12,19,0,17,15,11,11,18,255,0,0,0,1,0,1,1,0.8,3,2009
2025-02-25 10:28:56,0x191CFF71,True,can0,8,39.7473335,30.474911166666665,817.6,12.12,-0.07,-2,user1,t_0,00:32,100,18 saat 31 dakika,['1000 km bakımı: Servise gidin.'],68.0,-68.0,Enabled,2,78,85,51,19,48.875,78,165,2898.372512817383,OFF,OFF,OFF,ON,OFF,OFF,OFF,OFF,OFF,Night mode,OFF,ON,ON,Not pressed,Pressed,Not pressed,OFF,OFF,OFF,0,2.0,705,6,78,55,No Fault,0,16,16,30.900000000000002,28.73,1008,Load_Mode,Not_PreCharge,2538.9,5098.700000000001,12.200000000000001,OFF,OFF,OFF,OFF,OFF,No error,ON,29,3,D_Posiiton,0,3258.9,3262.8,3263.1000000000004,3263.6000000000004,8.0,43,0,1072.5,3262.9,3263.5,3264.2000000000003,3264.7000000000003,3264.4,3259.7000000000003,0.1,55.1,3264.3,3266.3,3266.3,3265.2000000000003,3263.2000000000003,0.0,0.0,0.1,0.1,0.2,0.2,0.1,0,2,0,3,1,1,2,2,3258.9,3266.3,3263.5,-3,-2,100.80000000000001,326.0,326.0,49.0,225.9,225.9,1,3350.0,1,0,0,1,0,0,0,1,0,0,1,0,0.0,184.8,711480,100.0,Active,51,0,1,0,0,0,1,1,0,0,1,1,0,1,54.800000000000004,0.0,Enable,3.0,5,75.0,0,0,-400.0,4700,-1100,0,0,184,0,0.0,0,0,21.9375,-1.9375,21.8125,184.8125,0.5625,1.5625,0.08203125,30.0,0,0,0,0.0,12,12,12,12,12,12,19,0,17,15,11,11,18,255,0,0,0,1,0,1,1,0.8,3,2009
2025-02-25 10:28:57,0x191CFF71,True,can0,8,39.74735033333333,30.474909166666666,818.2,12.12,-0.07,2,user1,t_0,00:32,100,False,['1000 km bakımı: Servise gidin.'],68.0,-68.0,Enabled,2,178,185,51,19,48.125,178,253,2923.7252349853516,OFF,OFF,OFF,ON,OFF,OFF,OFF,OFF,OFF,Night mode,OFF,ON,ON,Not pressed,Pressed,Not pressed,OFF,OFF,OFF,0,21.0,864,64,178,166,No Fault,0,21,21,30.900000000000002,28.73,1008,Load_Mode,Not_PreCharge,2319.9,5098.5,-41.5,OFF,OFF,OFF,OFF,OFF,No error,ON,29,3,D_Posiiton,0,3204.1000000000004,3207.8,3208.1000000000004,3210.4,9.5,43,0,1072.5,3207.0,3207.5,3212.4,3211.2000000000003,3211.7000000000003,3206.7000000000003,0.0,55.1,3212.1000000000004,3211.3,3213.5,3212.5,3207.9,0.0,0.0,0.1,0.1,0.2,0.1,0.1,0,2,0,3,1,1,2,3,3204.1000000000004,3213.5,3209.6000000000004,-3,-2,100.80000000000001,326.0,326.0,48.1,225.9,225.9,1,3350.0,1,0,0,1,0,0,0,1,0,0,1,0,0.0,184.8,711480,100.0,Active,51,0,1,0,0,0,1,1,0,0,1,1,0,1,54.800000000000004,0.0,Enable,21.0,5,75.0,0,0,-400.0,4700,-1100,0,0,184,0,0.0,0,0,88.75,144.8125,89.375,142.8125,0.0625,5.8125,0.296875,20.0,0,0,0,0.0,15,15,15,15,15,15,19,0,17,15,11,11,3,255,0,0,0,1,0,1,1,0.8,3,2009
2025-02-25 10:28:58,0x191271FA,True,can0,8,39.74737016666667,30.4749095,818.1,12.34,-0.07,4,user1,t_0,00:32,100,False,['1000 km bakımı: Servise gidin.'],68.0,-68.0,Enabled,2,22,29,51,19,48.0,22,95,2956.399429321289,OFF,OFF,OFF,ON,OFF,OFF,OFF,OFF,OFF,Night mode,OFF,ON,ON,Not pressed,Pressed,Not pressed,OFF,OFF,OFF,0,20.0,1114,71,22,252,No Fault,0,26,26,30.900000000000002,28.73,1007,Load_Mode,Not_PreCharge,2275.1,5098.6,-52.400000000000006,OFF,OFF,OFF,OFF,OFF,No error,ON,29,3,D_Posiiton,0,3188.0,3191.4,3191.6000000000004,3193.9,13.0,43,0,1072.5,3190.9,3195.0,3197.3,3195.6000000000004,3195.7000000000003,3190.2000000000003,0.1,55.1,3196.9,3195.3,3197.6000000000004,3195.9,3192.0,0.1,0.0,0.1,0.1,0.2,0.1,0.1,0,2,0,3,1,1,2,3,3188.0,3197.6000000000004,3193.8,-3,-2,100.7,326.0,326.0,47.900000000000006,225.9,225.9,1,3350.0,1,0,0,1,0,0,0,1,0,0,1,0,0.0,184.8,711480,100.0,Active,51,0,1,0,0,0,1,1,0,0,1,1,0,1,54.800000000000004,0.0,Enable,19.0,5,75.0,0,0,-400.0,4700,-1100,0,0,184,0,0.0,0,0,92.9375,142.3125,91.3125,138.875,-0.1875,7.9375,0.40234375,21.0,0,0,0,0.0,18,18,18,17,17,17,19,0,17,15,11,11,5,255,0,0,0,1,0,1,1,0.8,3,2009
2025-02-25 10:28:59,0x191CFF71,True,can0,8,39.74739483333333,30.4749095,818.7,12.34,-0.07,6,user1,t_0,00:32,100,False,['1000 km bakımı: Servise gidin.'],68.0,-68.0,Enabled,2,122,129,51,19,47.8125,122,191,2997.747543334961,OFF,OFF,OFF,ON,OFF,OFF,OFF,OFF,OFF,Night mode,OFF,ON,ON,Not pressed,Pressed,Not pressed,OFF,OFF,OFF,0,18.0,1305,73,122,2,No Fault,0,31,31,30.89,28.72,1007,Load_Mode,Not_PreCharge,2282.9,5098.200000000001,-50.400000000000006,OFF,OFF,OFF,OFF,OFF,No error,ON,29,2,D_Posiiton,0,3184.5,3188.1000000000004,3187.5,3190.8,15.0,43,0,1072.5,3186.4,3185.3,3193.0,3192.2000000000003,3191.9,3187.2000000000003,0.1,55.1,3193.3,3192.1000000000004,3193.9,3192.7000000000003,3187.4,0.0,0.0,0.1,0.1,0.2,0.1,0.1,0,2,0,3,1,1,2,3,3184.5,3193.9,3189.7000000000003,-3,-2,100.7,326.0,326.0,47.800000000000004,225.9,225.9,1,3350.0,1,0,0,1,0,0,0,1,0,0,1,0,0.0,184.70000000000002,711480,100.0,Active,51,0,1,0,0,0,1,1,0,0,1,1,0,1,54.800000000000004,0.0,Enable,18.0,5,75.0,0,0,-400.0,4700,-1100,0,0,184,0,0.0,0,0,86.375,124.375,84.6875,125.125,-0.1875,9.0625,0.4609375,18.0,0,0,0,0.0,18,18,18,18,18,18,19,0,17,16,11,11,7,255,0,0,0,1,0,1,1,0.8,3,2009
2025-02-25 10:29:00,0x191171FA,True,can0,8,39.74742833333333,30.474906166666667,816.8,13.2,-0.07,6,user1,t_0,00:32,100,False,['1000 km bakımı: Servise gidin.'],68.0,-68.0,Enabled,2,217,224,51,19,47.5625,217,26,3041.7574005126953,OFF,OFF,OFF,ON,OFF,OFF,OFF,OFF,OFF,Night mode,OFF,ON,ON,Not pressed,Pressed,Not pressed,OFF,OFF,OFF,0,18.0,1489,82,217,34,No Fault,0,36,36,30.88,28.71,1007,Load_Mode,Not_PreCharge,2245.9,5098.200000000001,-59.400000000000006,OFF,OFF,OFF,OFF,OFF,No error,ON,29,2,D_Posiiton,0,3176.0,3179.6000000000004,3176.5,3181.1000000000004,17.0,43,0,1072.5,3178.0,3178.5,3184.8,3183.6000000000004,3181.2000000000003,3177.6000000000004,0.1,55.1,3185.1000000000004,3183.6000000000004,3183.7000000000003,3183.0,3179.2000000000003,0.0,0.0,0.1,0.1,0.2,0.1,0.1,0,2,0,3,1,1,2,1,3176.0,3185.1000000000004,3180.7000000000003,-3,-2,100.7,326.0,326.0,47.7,225.9,225.9,1,3350.0,1,0,0,1,0,0,0,1,0,0,1,0,0.0,184.5,711480,100.0,Active,51,0,1,0,0,0,1,1,0,0,1,1,0,1,54.800000000000004,0.0,Enable,18.0,5,75.0,0,0,-400.0,4700,-1100,0,0,184,0,0.0,0,0,87.125,127.25,84.6875,123.1875,-0.5,10.0625,0.515625,18.0,0,0,0,0.0,19,19,19,18,18,18,19,0,17,16,11,11,7,255,0,0,0,1,0,1,1,0.8,3,2009
2025-02-25 10:29:01,0x00000A06,True,can0,8,39.7474645,30.474896666666666,816.4,13.2,-0.07,4,user1,t_0,00:32,100,False,['1000 km bakımı: Servise gidin.'],68.0,-68.0,Enabled,2,52,59,51,19,48.25,52,129,3089.531967163086,OFF,OFF,OFF,ON,OFF,OFF,OFF,OFF,OFF,Night mode,OFF,ON,ON,Not pressed,Pressed,Not pressed,OFF,OFF,OFF,0,6.0,1594,28,53,241,No Fault,0,41,41,30.88,28.71,1007,Load_Mode,Not_PreCharge,2423.1,5097.8,-16.1,OFF,OFF,OFF,OFF,OFF,No error,ON,29,2,D_Posiiton,0,3208.8,3214.4,3213.4,3214.9,18.5,43,0,1072.5,3208.6000000000004,3206.3,3212.2000000000003,3213.1000000000004,3212.4,3207.7000000000003,0.2,55.1,3212.8,3213.8,3214.4,3212.9,3209.3,0.0,0.1,0.1,0.2,0.2,0.1,0.1,0,2,0,3,1,1,2,3,3204.7000000000003,3214.4,3210.5,-3,-2,100.7,326.0,326.0,48.2,225.9,225.9,1,3350.0,1,0,0,1,0,0,0,1,0,0,1,0,0.0,184.5,711480,100.0,Active,51,0,1,0,0,0,1,1,0,0,1,1,0,1,54.800000000000004,0.0,Enable,6.0,5,75.0,0,0,-400.0,4700,-1100,0,0,184,0,0.0,0,0,59.1875,65.0625,57.3125,63.125,0.125,9.125,0.453125,8.0,0,0,0,0.0,18,18,18,18,18,18,19,0,17,16,11,11,7,255,0,0,0,1,0,1,1,0.8,3,2009
2025-02-25 10:29:02,0x191CFF71,True,can0,8,39.747504666666664,30.474886833333333,815.5,12.34,-0.07,2,user1,t_0,00:32,100,False,['1000 km bakımı: Servise gidin.'],67.25,-67.25,Enabled,2,166,175,51,19,48.3125,166,244,3150.7445678710938,OFF,OFF,OFF,ON,OFF,OFF,OFF,OFF,OFF,Night mode,OFF,ON,ON,Not pressed,Pressed,Not pressed,OFF,OFF,OFF,0,7.0,1626,33,166,151,No Fault,0,46,46,30.88,28.71,1007,Load_Mode,Not_PreCharge,2439.3,5097.8,-12.200000000000001,OFF,OFF,OFF,OFF,OFF,No error,ON,29,2,D_Posiiton,0,3219.7000000000003,3224.6000000000004,3224.0,3226.2000000000003,18.5,43,0,1072.5,3224.3,3220.0,3226.4,3227.5,3226.8,3222.3,0.1,55.1,3226.9,3228.6000000000004,3228.8,3227.5,3224.9,0.0,0.0,0.1,0.1,0.2,0.1,0.1,0,2,0,3,1,1,2,3,3219.7000000000003,3228.8,3225.2000000000003,-3,-2,100.7,326.0,326.0,48.400000000000006,225.9,225.9,1,3350.0,1,0,0,1,0,0,0,1,0,0,1,0,0.0,184.5,711480,100.0,Active,51,0,1,0,0,0,1,1,0,0,1,1,0,1,54.800000000000004,0.0,Enable,8.0,5,75.0,0,0,-400.0,4700,-1100,0,0,184,0,0.0,0,0,49.1875,66.375,48.4375,65.375,-0.8125,6.625,0.33203125,6.0,0,0,0,0.0,16,16,16,16,16,16,19,0,17,16,11,11,5,255,0,0,0,1,0,1,1,0.8,3,2009
2025-02-25 10:29:03,0x191CFF71,True,can0,8,39.747545,30.4748855,815.6,12.34,-0.07,2,user1,t_0,00:32,100,False,['1000 km bakımı: Servise gidin.'],64.625,-64.625,Enabled,2,10,19,51,19,48.1875,10,86,3206.1183166503906,OFF,OFF,OFF,ON,OFF,OFF,OFF,OFF,OFF,Night mode,OFF,ON,ON,Not pressed,Pressed,Not pressed,OFF,OFF,OFF,0,9.0,1689,45,10,102,No Fault,0,51,51,30.87,28.7,1007,Load_Mode,Not_PreCharge,2375.7000000000003,5098.5,-27.700000000000003,OFF,OFF,OFF,OFF,OFF,No error,ON,29,2,D_Posiiton,0,3202.9,3207.3,3208.2000000000003,3209.8,19.5,43,0,1072.6000000000001,3208.8,3207.1000000000004,3211.8,3211.5,3211.7000000000003,3205.9,0.0,55.1,3211.6000000000004,3211.7000000000003,3213.6000000000004,3211.4,3209.6000000000004,0.0,0.0,0.1,0.1,0.2,0.1,0.1,0,2,0,3,1,1,2,3,3202.9,3213.6000000000004,3209.5,-3,-2,100.7,326.0,326.0,48.1,225.9,225.9,1,3350.0,1,0,0,1,0,0,0,1,0,0,1,0,0.0,184.5,711480,100.0,Active,51,0,1,0,0,0,1,1,0,0,1,1,0,1,54.800000000000004,0.0,Enable,9.0,5,75.0,0,0,-400.0,4700,-1100,0,0,184,0,0.0,0,0,64.375,76.4375,61.75,76.0625,-0.4375,9.125,0.4609375,9.0,0,0,0,0.0,16,16,16,16,16,16,19,0,17,16,11,11,4,255,0,0,0,1,0,1,1,0.8,3,2009
2025-02-25 10:29:04,0x191AFF71,True,can0,8,39.7475875,30.4748925,815.1,12.34,-0.07,0,user1,t_0,00:32,100,19 saat 6 dakika,['1000 km bakımı: Servise gidin.'],64.25,-64.25,Enabled,2,110,117,51,19,48.6875,110,194,3262.1507415771484,OFF,OFF,OFF,ON,OFF,OFF,OFF,OFF,OFF,Night mode,OFF,ON,ON,Not pressed,Pressed,Not pressed,OFF,OFF,OFF,0,29.0,1724,1,110,49,No Fault,0,56,56,30.87,28.7,1007,Load_Mode,Not_PreCharge,2537.7000000000003,5098.900000000001,11.9,OFF,OFF,OFF,OFF,OFF,No error,ON,29,3,D_Posiiton,0,3241.8,3245.8,3246.3,3247.0,20.0,43,0,1072.6000000000001,3245.9,3246.9,3247.8,3248.4,3248.2000000000003,3243.1000000000004,0.0,55.1,3248.2000000000003,3250.1000000000004,3250.1000000000004,3248.3,3246.1000000000004,0.0,0.0,0.1,0.1,0.1,0.1,0.1,0,2,0,3,1,1,2,2,3241.8,3250.1000000000004,3246.9,-3,-2,100.7,326.0,326.0,48.7,225.9,225.9,1,3350.0,1,0,0,1,0,0,0,1,0,0,1,0,0.0,184.5,711480,100.0,Active,51,0,1,0,0,0,1,1,0,0,1,1,0,1,54.800000000000004,0.0,Enable,28.0,5,75.0,0,0,-400.0,4700,-1100,0,0,184,0,0.0,0,0,21.8125,0.4375,21.8125,184.8125,0.875,4.5,0.23046875,30.0,0,0,0,0.0,16,16,16,15,15,15,19,0,17,16,11,11,4,255,0,0,0,1,0,1,1,0.8,3,2009
2025-02-25 10:29:05,0x1918FF71,True,can0,8,39.747628666666664,30.474900833333333,816.0,12.34,-0.07,-2,user1,t_0,00:32,100,19 saat 54 dakika,['1000 km bakımı: Servise gidin.'],68.0,-68.0,Enabled,2,210,217,51,19,48.75,210,39,3318.4484100341797,OFF,OFF,OFF,ON,OFF,OFF,OFF,OFF,OFF,Night mode,OFF,ON,ON,Not pressed,Pressed,Not pressed,OFF,OFF,OFF,0,29.0,1572,1,211,254,No Fault,0,61,61,30.87,28.7,1007,Load_Mode,Not_PreCharge,2535.4,5098.700000000001,11.4,OFF,OFF,OFF,OFF,OFF,No error,ON,29,3,D_Posiiton,0,3246.8,3250.8,3251.3,3251.6000000000004,18.0,43,0,1072.6000000000001,3250.8,3251.7000000000003,3252.5,3253.1000000000004,3252.9,3247.9,0.0,55.1,3252.9,3254.8,3254.7000000000003,3253.1000000000004,3251.1000000000004,0.0,0.0,0.1,0.1,0.1,0.1,0.1,0,2,0,3,1,1,2,2,3246.8,3254.8,3251.7000000000003,-3,-2,100.7,326.0,326.0,48.800000000000004,225.9,225.9,1,3350.0,1,0,0,1,0,0,0,1,0,0,1,0,0.0,184.5,711480,100.0,Active,51,0,1,0,0,0,1,1,0,0,1,1,0,1,54.800000000000004,0.0,Enable,28.0,5,75.0,0,0,-400.0,4700,-1100,0,0,184,0,0.0,0,0,21.6875,-0.875,21.8125,184.8125,1.0,3.4375,0.1796875,30.0,0,0,0,0.0,14,14,14,14,14,14,19,0,17,16,11,11,2,255,0,0,0,1,0,1,1,0.8,3,2009
2025-02-25 10:29:06,0x1918FF71,True,can0,8,39.747668833333336,30.4749075,816.6,12.32,-0.07,-4,user1,t_0,00:32,100,19 saat 54 dakika,['1000 km bakımı: Servise gidin.'],68.0,-68.0,Enabled,2,54,61,51,19,48.8125,54,140,3367.7061309814453,OFF,OFF,OFF,ON,OFF,OFF,OFF,OFF,OFF,Night mode,OFF,ON,ON,Not pressed,Pressed,Not pressed,OFF,OFF,OFF,0,29.0,1411,1,55,192,No Fault,0,66,66,30.87,28.7,1007,Load_Mode,Not_PreCharge,2536.0,5099.0,11.4,OFF,OFF,OFF,OFF,OFF,No error,ON,29,3,D_Posiiton,0,3249.1000000000004,3252.9,3253.3,3253.6000000000004,16.5,43,0,1072.6000000000001,3252.7000000000003,3253.9,3254.6000000000004,3255.2000000000003,3254.8,3249.9,0.1,55.1,3254.9,3256.9,3256.7000000000003,3255.1000000000004,3253.0,0.0,0.0,0.1,0.1,0.2,0.1,0.1,0,2,0,3,1,1,2,2,3249.1000000000004,3256.9,3253.7000000000003,-3,-2,100.7,326.0,326.0,48.800000000000004,225.9,225.9,1,3350.0,1,0,0,1,0,0,0,1,0,0,1,0,0.0,184.5,711480,100.0,Active,51,0,1,0,0,0,1,1,0,0,1,1,0,1,54.800000000000004,0.0,Enable,28.0,5,75.0,0,0,-400.0,4700,-1100,0,0,184,0,0.0,0,0,22.0,-1.3125,21.8125,184.8125,0.875,3.0,0.15625,30.0,0,0,0,0.0,13,13,13,13,13,13,19,0,17,16,11,11,2,255,0,0,0,1,0,1,1,0.8,3,2009
2025-02-25 10:29:07,0x00000203,False,can0,8,39.7477055,30.474910166666668,817.0,12.32,-0.07,-8,user1,t_0,00:32,100,19 saat 33 dakika,['1000 km bakımı: Servise gidin.'],68.0,-68.0,Enabled,2,154,161,51,19,48.8125,154,240,3411.2828674316406,OFF,OFF,OFF,ON,OFF,OFF,OFF,OFF,OFF,Night mode,OFF,ON,ON,Not pressed,Pressed,Not pressed,OFF,OFF,OFF,0,29.0,1192,1,154,71,No Fault,0,71,71,30.87,28.7,1007,Load_Mode,Not_PreCharge,2536.3,5099.200000000001,11.600000000000001,OFF,OFF,OFF,OFF,OFF,No error,ON,29,3,D_Posiiton,0,3250.5,3254.3,3254.8,3255.3,13.5,43,0,1072.6000000000001,3254.5,3255.3,3256.0,3256.5,3256.3,3251.3,0.0,55.1,3256.2000000000003,3258.2000000000003,3258.3,3256.7000000000003,3254.7000000000003,0.0,0.1,0.2,0.1,0.2,0.1,0.1,0,2,0,3,1,1,2,3,3250.5,3258.3,3255.2000000000003,-3,-2,100.7,326.0,326.0,48.800000000000004,225.9,225.9,1,3350.0,1,0,0,1,0,0,0,1,0,0,1,0,0.0,184.5,711480,100.0,Active,51,0,1,0,0,0,1,1,0,0,1,1,0,1,54.800000000000004,0.0,Enable,28.0,5,75.0,0,0,-400.0,4700,-1100,0,0,184,0,0.0,0,0,21.75,-1.3125,21.8125,184.8125,0.8125,2.6875,0.140625,30.0,0,0,0,0.0,13,13,13,13,13,13,19,0,17,16,11,11,1,255,0,0,0,1,0,1,1,0.8,3,2009
2025-02-25 10:29:08,0x00000A05,True,can0,8,39.747739333333335,30.474912166666666,816.7,12.41,-0.07,-10,user1,t_0,00:32,100,19 saat 14 dakika,['1000 km bakımı: Servise gidin.'],68.0,-68.0,Enabled,2,211,218,51,19,48.8125,210,40,3431.7741088867188,OFF,OFF,OFF,ON,OFF,OFF,OFF,OFF,OFF,Night mode,OFF,ON,ON,Not pressed,Pressed,Not pressed,OFF,OFF,OFF,0,29.0,1021,1,211,212,No Fault,0,74,74,30.87,28.7,1007,Load_Mode,Not_PreCharge,2537.3,5099.200000000001,11.8,OFF,OFF,OFF,OFF,OFF,No error,ON,29,3,D_Posiiton,0,3251.2000000000003,3255.2000000000003,3255.5,3256.0,11.5,43,0,1072.6000000000001,3255.1000000000004,3256.2000000000003,3256.6000000000004,3257.3,3257.0,3252.1000000000004,0.0,55.1,3256.9,3258.9,3259.0,3257.6000000000004,3255.6000000000004,0.0,0.0,0.1,0.1,0.2,0.1,0.1,0,2,0,3,1,1,2,3,3251.1000000000004,3258.7000000000003,3255.7000000000003,-3,-2,100.7,326.0,326.0,48.800000000000004,225.9,225.9,1,3350.0,1,0,0,1,0,0,0,1,0,0,1,0,0.0,184.5,711480,100.0,Active,51,0,1,0,0,0,1,1,0,0,1,1,0,1,54.800000000000004,0.0,Enable,28.0,5,75.0,0,0,-400.0,4700,-1100,0,0,184,0,0.0,0,0,21.5,191.9375,21.8125,184.8125,0.6875,2.125,0.11328125,30.0,0,0,0,0.0,30,30,30,29,29,29,19,0,19,20,11,12,18,255,0,0,0,1,0,1,1,0.8,3,2009
2025-02-25 10:29:09,0x191AFF71,True,can0,8,39.74776216666667,30.474913833333332,817.6,12.41,-0.07,-8,user1,t_0,00:32,100,19 saat 2 dakika,['1000 km bakımı: Servise gidin.'],68.0,-68.0,Enabled,2,85,92,51,19,48.8125,85,171,3467.6243896484375,OFF,OFF,OFF,ON,OFF,OFF,OFF,OFF,OFF,Night mode,OFF,ON,ON,Not pressed,Pressed,Not pressed,OFF,OFF,OFF,0,29.0,735,1,85,55,No Fault,0,81,81,30.87,28.7,1007,Load_Mode,Not_PreCharge,2537.7000000000003,5098.700000000001,11.9,OFF,OFF,OFF,OFF,OFF,No error,ON,29,3,D_Posiiton,0,3252.5,3256.3,3256.8,3257.2000000000003,8.5,43,0,1072.6000000000001,3256.4,3257.2000000000003,3257.9,3258.4,3258.2000000000003,3253.2000000000003,0.1,55.1,3258.1000000000004,3260.2000000000003,3260.1000000000004,3258.7000000000003,3256.6000000000004,0.0,0.0,0.1,0.1,0.2,0.1,0.1,0,2,0,3,1,1,2,2,3252.5,3260.2000000000003,3257.1000000000004,-3,-2,100.7,326.0,326.0,48.900000000000006,225.9,225.9,1,3350.0,1,0,0,1,0,0,0,1,0,0,1,0,0.0,184.5,711480,100.0,Active,51,0,1,0,0,0,1,1,0,0,1,1,0,1,54.800000000000004,0.0,Enable,28.0,5,75.0,0,0,-400.0,4700,-1100,0,0,184,0,0.0,0,0,22.25,-0.3125,21.8125,184.8125,0.5625,1.375,0.07421875,30.0,0,0,0,0.0,12,12,12,12,12,12,19,0,17,15,11,11,18,255,0,0,0,1,0,1,1,0.8,3,2009
2025-02-25 10:29:10,0x00000203,False,can0,8,39.7477815,30.474914166666668,817.6,13.25,-0.07,-6,user1,t_0,00:32,100,19 saat 11 dakika,['1000 km bakımı: Servise gidin.'],68.0,-68.0,Enabled,2,198,205,51,19,48.875,198,29,3493.6543884277344,OFF,OFF,OFF,ON,OFF,OFF,OFF,OFF,OFF,Night mode,OFF,ON,ON,Not pressed,Pressed,Not pressed,OFF,OFF,OFF,0,29.0,659,193,198,91,No Fault,0,86,86,30.87,28.7,1007,Load_Mode,Not_PreCharge,2537.5,5099.6,11.8,OFF,OFF,OFF,OFF,OFF,No error,ON,29,3,D_Posiiton,0,3253.4,3257.2000000000003,3257.6000000000004,3258.1000000000004,7.5,43,0,1072.6000000000001,3257.4,3258.0,3258.8,3259.4,3259.1000000000004,3254.3,0.1,55.1,3259.1000000000004,3261.0,3260.9,3259.6000000000004,3257.5,0.0,0.2,0.1,0.1,0.1,0.1,0.1,0,2,0,3,1,1,2,2,3253.4,3261.0,3258.0,-3,-2,100.7,326.0,326.0,48.900000000000006,225.9,225.9,1,3350.0,1,0,0,1,0,0,0,1,0,0,1,0,0.0,184.5,711480,100.0,Active,51,0,1,0,0,0,1,1,0,0,1,1,0,1,54.800000000000004,0.0,Enable,28.0,5,75.0,0,0,-400.0,4700,-1100,0,0,184,0,0.0,0,0,21.5625,-0.25,21.8125,184.8125,0.625,1.4375,0.07421875,30.0,0,0,0,0.0,12,12,12,12,12,12,19,0,17,15,11,11,18,255,0,0,0,1,0,1,1,0.8,3,2009
2025-02-25 10:29:11,0x1918FF71,True,can0,8,39.747798833333334,30.474912166666666,817.6,13.25,-0.07,-4,user1,t_0,00:32,100,18 saat 24 dakika,['1000 km bakımı: Servise gidin.'],68.0,-68.0,Enabled,2,42,49,51,19,48.8125,42,128,3514.7520294189453,OFF,OFF,OFF,ON,OFF,OFF,OFF,OFF,OFF,Night mode,OFF,ON,ON,Not pressed,Pressed,Not pressed,OFF,OFF,OFF,0,29.0,629,1,43,163,No Fault,0,91,91,30.87,28.7,1007,Load_Mode,Not_PreCharge,2539.2000000000003,5099.0,12.3,OFF,OFF,OFF,OFF,OFF,No error,ON,29,3,D_Posiiton,0,3254.2000000000003,3258.1000000000004,3258.4,3258.9,7.0,43,0,1072.6000000000001,3258.1000000000004,3258.9,3259.6000000000004,3260.0,3259.7000000000003,3254.9,0.0,55.1,3259.8,3261.7000000000003,3261.7000000000003,3260.3,3258.3,0.0,0.0,0.1,0.1,0.2,0.1,0.1,0,2,0,3,1,1,2,2,3254.2000000000003,3261.7000000000003,3258.8,-3,-2,100.7,326.0,326.0,48.900000000000006,225.9,225.9,1,3350.0,1,0,0,1,0,0,0,1,0,0,1,0,0.0,184.5,711480,100.0,Active,51,0,1,0,0,0,1,1,0,0,1,1,0,1,54.800000000000004,0.0,Enable,28.0,5,75.0,0,0,-400.0,4700,-1100,0,0,184,0,0.0,0,0,21.5625,0.25,21.8125,184.8125,0.5625,1.1875,0.06640625,30.0,0,0,0,0.0,12,12,12,12,12,12,19,0,17,15,11,11,18,255,0,0,0,1,0,1,1,0.8,3,2009
2025-02-25 10:29:12,0x1918FF71,True,can0,8,39.747814166666664,30.474911166666665,818.3,12.17,-0.07,-4,user1,t_0,00:32,100,90 saat 47 dakika,['1000 km bakımı: Servise gidin.'],68.0,-68.0,Enabled,2,142,149,51,19,48.6875,142,226,3535.9041137695312,OFF,OFF,OFF,ON,OFF,OFF,OFF,OFF,OFF,Night mode,OFF,ON,ON,Not pressed,Pressed,Not pressed,OFF,OFF,OFF,0,6.0,646,14,143,133,No Fault,0,96,96,30.87,28.7,1007,Load_Mode,Not_PreCharge,2499.4,5099.400000000001,2.5,OFF,OFF,OFF,OFF,OFF,No error,ON,29,3,D_Posiiton,0,3246.0,3249.9,3250.5,3250.7000000000003,7.0,43,0,1072.6000000000001,3249.8,3250.2000000000003,3251.8,3252.3,3252.0,3246.8,0.1,55.1,3252.0,3253.6000000000004,3254.0,3252.4,3250.4,0.0,0.0,0.1,0.1,0.1,0.1,0.1,0,2,0,3,1,1,2,3,3246.0,3254.0,3250.8,-3,-2,100.7,326.0,326.0,48.800000000000004,225.9,225.9,1,3350.0,1,0,0,1,0,0,0,1,0,0,1,0,0.0,184.5,711480,100.0,Active,51,0,1,0,0,0,1,1,0,0,1,1,0,1,54.800000000000004,0.0,Enable,6.0,5,75.0,0,0,-400.0,4700,-1100,0,0,184,0,0.0,0,0,42.625,69.1875,44.0,68.5,0.125,2.6875,0.1328125,5.0,0,0,0,0.0,12,12,12,12,12,12,19,0,17,15,11,11,18,255,0,0,0,1,0,1,1,0.8,3,2009
2025-02-25 10:29:13,0x191071FA,True,can0,8,39.74783083333333,30.474907666666667,818.0,12.17,-0.07,-2,user1,t_0,00:32,100,False,['1000 km bakımı: Servise gidin.'],68.0,-68.0,Enabled,2,242,249,51,19,48.6875,242,70,3558.880599975586,OFF,OFF,OFF,ON,OFF,OFF,OFF,OFF,OFF,Night mode,OFF,ON,ON,Not pressed,Pressed,Not pressed,OFF,OFF,OFF,0,5.0,722,12,242,34,No Fault,0,101,101,30.87,28.7,1006,Load_Mode,Not_PreCharge,2488.3,5100.0,-0.30000000000000004,OFF,OFF,OFF,OFF,OFF,No error,ON,29,2,D_Posiiton,0,3240.3,3244.5,3244.9,3245.3,8.0,43,0,1072.6000000000001,3244.4,3244.9,3246.8,3247.1000000000004,3247.0,3241.4,0.1,55.1,3246.7000000000003,3248.2000000000003,3248.8,3246.9,3245.0,0.0,0.0,0.1,0.1,0.1,0.1,0.2,0,2,0,3,1,1,2,3,3240.3,3248.8,3245.4,-3,-2,100.60000000000001,326.0,326.0,48.7,225.9,225.9,1,3350.0,1,0,0,1,0,0,0,1,0,0,1,0,0.0,184.5,711480,100.0,Active,51,0,1,0,0,0,1,1,0,0,1,1,0,1,54.800000000000004,0.0,Enable,5.0,5,75.0,0,0,-400.0,4700,-1100,0,0,184,0,0.0,0,0,51.75,67.25,52.875,66.5,0.1875,3.75,0.1875,7.0,0,0,0,0.0,13,13,13,13,13,13,19,0,17,15,11,11,1,255,0,0,0,1,0,1,1,0.8,3,2009
2025-02-25 10:29:14,0x1918FF71,True,can0,8,39.7478495,30.474905333333332,817.9,13.17,-0.07,-4,user1,t_0,00:32,100,19 saat 2 dakika,['1000 km bakımı: Servise gidin.'],68.0,-68.0,Enabled,2,86,93,51,19,48.8125,86,172,3583.2606506347656,OFF,OFF,OFF,ON,OFF,OFF,OFF,OFF,OFF,Night mode,OFF,ON,ON,Not pressed,Pressed,Not pressed,OFF,OFF,OFF,0,29.0,726,193,87,47,No Fault,0,106,106,30.87,28.7,1006,Load_Mode,Not_PreCharge,2537.9,5098.8,11.9,OFF,OFF,OFF,OFF,OFF,No error,ON,29,3,D_Posiiton,0,3253.6000000000004,3257.6000000000004,3258.0,3258.4,8.5,43,0,1072.6000000000001,3257.7000000000003,3258.5,3259.3,3259.7000000000003,3259.5,3254.6000000000004,0.0,55.1,3259.5,3261.4,3261.5,3260.0,3258.0,0.0,0.0,0.1,0.1,0.2,0.1,0.1,0,2,0,3,1,1,2,3,3253.6000000000004,3261.5,3258.4,-3,-2,100.60000000000001,326.0,326.0,48.900000000000006,225.9,225.9,1,3350.0,1,0,0,1,0,0,0,1,0,0,1,0,0.0,184.5,711480,100.0,Active,51,0,1,0,0,0,1,1,0,0,1,1,0,1,54.800000000000004,0.0,Enable,28.0,5,75.0,0,0,-400.0,4700,-1100,0,0,184,0,0.0,0,0,21.5625,0.8125,21.8125,184.8125,0.5625,1.5625,0.078125,30.0,0,0,0,0.0,13,13,13,13,13,13,19,0,17,15,11,11,2,255,0,0,0,1,0,1,1,0.8,3,2009
2025-02-25 10:29:15,0x00000201,False,can0,8,39.74786833333334,30.47490833333333,818.0,13.17,-0.07,-4,user1,t_0,00:32,100,19 saat 2 dakika,['1000 km bakımı: Servise gidin.'],68.0,-68.0,Enabled,2,175,182,51,19,48.8125,175,5,3604.6474609375,OFF,OFF,OFF,ON,OFF,OFF,OFF,OFF,OFF,Night mode,OFF,ON,ON,Not pressed,Pressed,Not pressed,OFF,OFF,OFF,0,29.0,728,193,175,137,No Fault,0,111,111,30.87,28.7,1006,Load_Mode,Not_PreCharge,2538.0,5099.1,11.9,OFF,OFF,OFF,OFF,OFF,No error,ON,29,3,D_Posiiton,0,3254.5,3258.5,3258.9,3259.3,8.5,43,0,1072.6000000000001,3258.6000000000004,3259.4,3260.1000000000004,3260.5,3260.3,3255.4,0.0,55.1,3260.2000000000003,3262.3,3262.3,3261.0,3259.0,0.0,0.0,0.1,0.1,0.2,0.1,0.1,0,2,0,3,1,1,2,2,3254.5,3262.3,3259.3,-3,-2,100.60000000000001,326.0,326.0,48.900000000000006,225.9,225.9,1,3350.0,1,0,0,1,0,0,0,1,0,0,1,0,0.0,184.5,711480,100.0,Active,51,0,1,0,0,0,1,1,0,0,1,1,0,1,54.800000000000004,0.0,Enable,28.0,5,75.0,0,0,-400.0,4700,-1100,0,0,184,0,0.0,0,0,22.3125,191.9375,21.8125,184.8125,0.5,1.5,0.08203125,30.0,0,0,0,0.0,12,12,12,12,12,12,19,0,17,15,11,11,1,255,0,0,0,1,0,1,1,0.8,3,2009
2025-02-25 10:29:16,0x1918FF71,True,can0,8,39.747887166666665,30.47491,817.7,13.17,-0.07,-4,user1,t_0,00:32,100,19 saat 11 dakika,['1000 km bakımı: Servise gidin.'],68.0,-68.0,Enabled,2,19,26,51,19,48.875,19,106,3628.5923767089844,OFF,OFF,OFF,ON,OFF,OFF,OFF,OFF,OFF,Night mode,OFF,ON,ON,Not pressed,Pressed,Not pressed,OFF,OFF,OFF,0,29.0,696,1,20,207,No Fault,0,116,116,30.87,28.7,1006,Load_Mode,Not_PreCharge,2537.4,5099.5,11.8,OFF,OFF,OFF,OFF,OFF,No error,ON,29,3,D_Posiiton,0,3255.2000000000003,3259.1000000000004,3259.5,3260.0,8.0,43,0,1072.6000000000001,3259.2000000000003,3259.8,3260.6000000000004,3261.2000000000003,3260.9,3256.0,0.1,55.1,3260.8,3262.8,3262.8,3261.5,3259.6000000000004,0.0,0.0,0.1,0.1,0.2,0.1,0.1,0,2,0,3,1,1,2,2,3255.2000000000003,3262.8,3259.9,-3,-2,100.60000000000001,326.0,326.0,48.900000000000006,225.9,225.9,1,3350.0,1,0,0,1,0,0,0,1,0,0,1,0,0.0,184.5,711480,100.0,Active,51,0,1,0,0,0,1,1,0,0,1,1,0,1,54.800000000000004,0.0,Enable,28.0,5,75.0,0,0,-400.0,4700,-1100,0,0,184,0,0.0,0,0,21.375,0.25,21.8125,184.8125,0.625,1.5,0.08203125,30.0,0,0,0,0.0,12,12,12,12,12,12,19,0,17,15,11,11,1,255,0,0,0,1,0,1,1,0.8,3,2009
2025-02-25 10:29:17,0x1919FF71,True,can0,8,39.74790566666667,30.474902833333335,817.6,13.17,-0.07,-6,user1,t_0,00:32,100,19 saat 2 dakika,['1000 km bakımı: Servise gidin.'],68.0,-68.0,Enabled,2,131,138,51,19,48.875,130,217,3652.194137573242,OFF,OFF,OFF,ON,OFF,OFF,OFF,OFF,OFF,Night mode,OFF,ON,ON,Not pressed,Pressed,Not pressed,OFF,OFF,OFF,0,29.0,576,1,131,198,No Fault,0,121,121,30.87,28.7,1006,Load_Mode,Not_PreCharge,2537.9,5098.900000000001,11.9,OFF,OFF,OFF,OFF,OFF,No error,ON,29,3,D_Posiiton,0,3255.8,3259.8,3260.2000000000003,3260.6000000000004,6.5,43,0,1072.6000000000001,3259.9,3260.4,3261.2000000000003,3261.6000000000004,3261.4,3256.7000000000003,0.0,55.1,3261.5,3263.5,3263.4,3262.3,3260.2000000000003,0.0,0.0,0.1,0.1,0.2,0.1,0.1,0,2,0,3,1,1,2,2,3255.8,3263.5,3260.5,-3,-2,100.60000000000001,326.0,326.0,48.900000000000006,225.9,225.9,1,3350.0,1,0,0,1,0,0,0,1,0,0,1,0,0.0,184.5,711480,100.0,Active,51,0,1,0,0,0,1,1,0,0,1,1,0,1,54.800000000000004,0.0,Enable,28.0,5,75.0,0,0,-400.0,4700,-1100,0,0,184,0,0.0,0,0,22.0,-0.375,21.8125,184.8125,0.5,1.125,0.0625,30.0,0,0,0,0.0,12,12,12,12,12,12,19,0,17,15,11,11,18,255,0,0,0,1,0,1,1,0.8,3,2009
2025-02-25 10:29:18,0x1919FF71,True,can0,8,39.747920666666666,30.474887333333335,816.8,12.41,-0.07,-10,user1,t_0,00:32,100,18 saat 33 dakika,['1000 km bakımı: Servise gidin.'],68.0,-68.0,Enabled,2,231,238,51,19,48.875,230,61,3667.7227783203125,OFF,OFF,OFF,ON,OFF,OFF,OFF,OFF,OFF,Night mode,OFF,ON,ON,Not pressed,Pressed,Not pressed,OFF,OFF,OFF,0,29.0,327,193,231,47,No Fault,0,126,126,30.87,28.7,1006,Load_Mode,Not_PreCharge,2538.8,5099.5,12.200000000000001,OFF,OFF,OFF,OFF,OFF,No error,ON,29,3,D_Posiiton,0,3256.4,3260.4,3260.6000000000004,3261.0,4.0,43,0,1072.6000000000001,3260.3,3261.0,3261.9,3262.3,3262.2000000000003,3257.3,0.1,55.1,3262.0,3264.0,3263.9,3262.7000000000003,3260.8,0.0,0.1,0.1,0.1,0.1,0.1,0.1,0,2,0,3,1,1,2,2,3256.4,3264.0,3261.1000000000004,-3,-2,100.60000000000001,326.0,326.0,48.900000000000006,225.9,225.9,1,3350.0,1,0,0,1,0,0,0,1,0,0,1,0,0.0,184.5,711480,100.0,Active,51,0,1,0,0,0,1,1,0,0,1,1,0,1,54.800000000000004,0.0,Enable,28.0,5,75.0,0,0,-400.0,4700,-1100,0,0,184,0,0.0,0,0,21.75,1.375,21.8125,184.8125,0.5,0.8125,0.046875,30.0,0,0,0,0.0,12,12,12,12,12,12,19,0,17,15,11,11,18,255,0,0,0,1,0,1,1,0.8,3,2009
2025-02-25 10:29:19,0x191071FA,True,can0,8,39.7479265,30.474871,815.7,12.41,-0.07,-10,user1,t_0,00:32,100,18 saat 33 dakika,['1000 km bakımı: Servise gidin.'],68.0,-68.0,Enabled,2,74,81,51,19,48.875,74,161,3674.421630859375,OFF,OFF,OFF,ON,OFF,OFF,OFF,OFF,OFF,Night mode,OFF,ON,ON,Pressed,Not pressed,Not pressed,OFF,OFF,OFF,0,29.0,102,193,74,176,No Fault,0,131,131,30.87,28.7,1006,Load_Mode,Not_PreCharge,2538.9,5099.0,12.200000000000001,OFF,OFF,OFF,OFF,OFF,No error,ON,29,3,D_Posiiton,0,3256.9,3260.8,3261.1000000000004,3261.5,1.0,43,0,1072.6000000000001,3260.8,3261.3,3262.2000000000003,3262.7000000000003,3262.4,3257.7000000000003,0.0,55.1,3262.4,3264.2000000000003,3264.4,3263.1000000000004,3261.3,0.0,0.0,0.1,0.1,0.2,0.1,0.1,0,2,0,3,1,1,2,3,3256.9,3264.4,3261.5,-3,-2,100.60000000000001,326.0,326.0,48.900000000000006,225.9,225.9,1,3350.0,1,0,0,1,0,0,0,1,0,0,1,0,0.0,184.5,711480,100.0,Active,51,0,1,0,0,0,1,1,0,0,1,1,0,1,54.800000000000004,0.0,Enable,28.0,5,75.0,0,0,-400.0,4700,-1100,0,0,184,0,0.0,0,0,21.5,1.875,21.8125,184.8125,0.4375,0.4375,0.03125,30.0,0,0,0,0.0,12,12,12,12,12,12,19,0,17,15,11,11,18,255,0,0,0,1,0,1,1,0.8,3,2009
2025-02-25 10:29:20,0x1919FF71,True,can0,8,39.74792816666667,30.474862166666668,815.7,12.17,-0.07,-6,user1,t_0,00:32,100,18 saat 33 dakika,['1000 km bakımı: Servise gidin.'],68.0,-68.0,Enabled,2,175,182,51,19,48.875,174,5,3676.5721588134766,OFF,OFF,OFF,ON,OFF,OFF,OFF,OFF,OFF,Night mode,OFF,ON,ON,Pressed,Not pressed,Not pressed,OFF,OFF,OFF,0,29.0,48,193,175,223,No Fault,0,136,136,30.87,28.7,1006,Load_Mode,Not_PreCharge,2538.9,5098.8,12.200000000000001,OFF,OFF,OFF,OFF,OFF,No error,ON,29,3,D_Posiiton,0,3257.3,3261.1000000000004,3261.5,3261.8,0.5,43,0,1072.6000000000001,3261.3,3261.7000000000003,3262.6000000000004,3263.1000000000004,3262.8,3258.0,0.2,55.1,3262.7000000000003,3264.6000000000004,3264.6000000000004,3263.5,3261.5,0.0,0.0,0.1,0.1,0.2,0.1,0.1,0,2,0,3,1,1,2,2,3257.3,3264.6000000000004,3261.8,-3,-2,100.60000000000001,326.0,326.0,48.900000000000006,225.9,225.9,1,3350.0,1,0,0,1,0,0,0,1,0,0,1,0,0.0,184.5,711480,100.0,Active,51,0,1,0,0,0,1,1,0,0,1,1,0,1,54.800000000000004,0.0,Enable,28.0,5,75.0,0,0,-400.0,4700,-1100,0,0,184,0,0.0,0,0,21.75,191.9375,21.8125,184.8125,0.4375,0.1875,0.0234375,30.0,0,0,0,0.0,12,12,12,12,12,12,19,0,17,15,11,11,18,255,0,0,0,1,0,1,1,0.8,3,2009
2025-02-25 10:29:21,0x1919FF71,True,can0,8,39.747928333333334,30.474858166666667,816.0,12.17,-0.07,-6,user1,t_0,00:32,100,18 saat 43 dakika,['1000 km bakımı: Servise gidin.'],68.0,-68.0,Enabled,2,19,26,51,19,48.875,18,105,3676.593734741211,OFF,OFF,OFF,ON,OFF,OFF,OFF,OFF,OFF,Night mode,OFF,ON,ON,Pressed,Not pressed,Not pressed,OFF,OFF,OFF,0,29.0,2208,193,19,19,No Fault,0,141,141,30.87,28.7,1006,Load_Mode,Not_PreCharge,2538.9,5099.1,12.100000000000001,OFF,OFF,OFF,OFF,OFF,No error,ON,29,3,R_position,0,3257.5,3261.4,3261.8,3262.2000000000003,25.5,43,0,1072.6000000000001,3261.5,3262.2000000000003,3262.8,3263.3,3263.1000000000004,3258.3,0.0,55.1,3263.0,3264.9,3265.0,3263.7000000000003,3261.8,0.0,0.0,0.1,0.1,0.2,0.1,0.1,0,2,0,3,1,1,2,3,3257.5,3265.0,3262.1000000000004,-3,-2,100.60000000000001,326.0,326.0,48.900000000000006,225.9,225.9,1,3350.0,1,0,0,1,0,0,0,1,0,0,1,0,0.0,184.5,711480,100.0,Active,51,0,1,0,0,0,1,1,0,0,1,1,0,1,54.800000000000004,0.0,Enable,28.0,5,75.0,0,0,-400.0,4700,-1100,0,0,184,0,0.0,0,0,21.9375,-0.25,21.8125,184.8125,0.4375,0.0625,0.0234375,30.0,0,0,0,0.0,12,12,12,12,12,12,19,0,17,15,11,11,18,255,0,0,0,1,0,1,1,0.8,3,2009
2025-02-25 10:29:22,0x00000A0E,True,can0,8,39.747928,30.474859833333333,816.5,13.14,-0.07,-4,user1,t_0,00:32,100,46 saat 19 dakika,['1000 km bakımı: Servise gidin.'],68.0,-68.0,Enabled,2,115,122,51,19,48.8125,114,200,3676.3236694335938,OFF,OFF,OFF,ON,OFF,OFF,OFF,OFF,OFF,Night mode,OFF,ON,ON,Pressed,Not pressed,Not pressed,OFF,OFF,OFF,0,-18.0,-36,18,115,62,No Fault,0,146,146,30.87,28.7,1006,Load_Mode,Not_PreCharge,2509.1000000000004,5099.1,4.9,OFF,OFF,OFF,OFF,OFF,No error,ON,29,2,R_position,0,3251.9,3255.6000000000004,3256.1000000000004,3256.7000000000003,25.5,43,0,1072.6000000000001,3255.9,3256.9,3257.6000000000004,3257.7000000000003,3257.6000000000004,3252.7000000000003,0.2,55.1,3257.6000000000004,3258.9,3259.4,3258.3,3256.2000000000003,0.0,0.0,0.1,0.1,0.2,0.1,0.1,0,2,0,3,1,1,2,3,3251.9,3259.4,3256.6000000000004,-3,-2,100.60000000000001,326.0,326.0,48.800000000000004,225.9,225.9,1,3350.0,1,0,0,1,0,0,0,1,0,0,1,0,0.0,184.5,711480,100.0,Active,51,0,1,0,0,0,1,1,0,0,1,1,0,1,54.800000000000004,0.0,Enable,-18.0,5,75.0,0,0,-400.0,4700,-1100,0,0,184,0,0.0,0,0,78.0625,-132.9375,77.75,-132.375,0.4375,-1.1875,0.0625,-15.0,0,0,0,0.0,12,12,12,12,12,12,19,0,17,15,11,11,1,255,0,0,0,1,0,1,1,0.8,3,2009
2025-02-25 10:29:23,0x1919FF71,True,can0,8,39.74792733333334,30.474861666666666,817.0,13.14,-0.07,-6,user1,t_0,00:32,100,False,['1000 km bakımı: Servise gidin.'],68.0,-68.0,Enabled,2,219,226,51,19,48.625,218,45,3671.5726470947266,OFF,OFF,OFF,ON,OFF,OFF,OFF,OFF,OFF,Night mode,OFF,ON,ON,Pressed,Not pressed,Not pressed,OFF,OFF,OFF,0,-21.0,-223,28,219,197,No Fault,0,151,151,30.86,28.69,1006,Load_Mode,Not_PreCharge,2462.0,5098.6,-6.6000000000000005,OFF,OFF,OFF,OFF,OFF,No error,ON,29,3,R_position,0,3236.7000000000003,3240.4,3240.5,3241.8,2.5,43,0,1072.6000000000001,3240.6000000000004,3242.7000000000003,3243.6000000000004,3243.0,3242.9,3238.0,0.1,55.1,3243.4,3244.0,3244.9,3243.6000000000004,3241.3,0.0,0.0,0.1,0.1,0.1,0.1,0.1,0,2,0,3,1,1,2,3,3236.7000000000003,3244.9,3241.8,-3,-2,100.60000000000001,326.0,326.0,48.6,225.9,225.9,1,3350.0,1,0,0,1,0,0,0,1,0,0,1,0,0.0,184.4,711480,100.0,Active,51,0,1,0,0,0,1,1,0,0,1,1,0,1,54.800000000000004,0.0,Enable,-21.0,5,75.0,0,0,-400.0,4700,-1100,0,0,184,0,0.0,0,0,89.625,-133.4375,89.375,-133.875,0.1875,-2.4375,0.12109375,-20.0,0,0,0,0.0,16,16,16,16,16,16,19,0,17,15,11,11,5,255,0,0,0,1,0,1,1,0.8,3,2009
2025-02-25 10:29:24,0x191AFF71,True,can0,8,39.7479235,30.474863833333334,818.2,12.35,-0.07,-6,user1,t_0,00:32,100,False,['1000 km bakımı: Servise gidin.'],68.0,-68.0,Enabled,2,46,53,51,19,48.5,46,127,3663.6055603027344,OFF,OFF,OFF,ON,OFF,OFF,OFF,OFF,OFF,Night mode,OFF,ON,ON,Pressed,Not pressed,Not pressed,OFF,OFF,OFF,0,-18.0,-345,29,46,206,No Fault,0,155,155,30.86,28.69,1006,Load_Mode,Not_PreCharge,2445.7000000000003,5099.200000000001,-10.600000000000001,OFF,OFF,OFF,OFF,OFF,No error,ON,29,2,R_position,0,3231.4,3235.1000000000004,3234.8,3236.7000000000003,4.0,43,0,1072.6000000000001,3234.8,3236.6000000000004,3238.3,3237.8,3237.3,3232.8,0.0,55.1,3238.2000000000003,3238.7000000000003,3239.5,3238.5,3235.4,0.0,0.0,0.1,0.1,0.2,0.1,0.1,0,2,0,3,1,1,2,3,3231.4,3239.5,3236.3,-3,-2,100.60000000000001,326.0,326.0,48.5,225.9,225.9,1,3350.0,1,0,0,1,0,0,0,1,0,0,1,0,0.0,184.4,711480,100.0,Active,51,0,1,0,0,0,1,1,0,0,1,1,0,1,54.800000000000004,0.0,Enable,-18.0,5,75.0,0,0,-400.0,4700,-1100,0,0,184,0,0.0,0,0,89.3125,-134.0625,89.375,-133.125,0.0625,-3.1875,0.16015625,-20.0,0,0,0,0.0,18,18,18,18,18,18,19,0,17,15,11,11,6,255,0,0,0,1,0,1,1,0.8,3,2009
2025-02-25 10:29:25,0x191271FA,True,can0,8,39.747917,30.474870166666665,818.6,12.35,-0.07,-4,user1,t_0,00:32,100,18 saat 33 dakika,['1000 km bakımı: Servise gidin.'],68.0,-68.0,Enabled,2,162,169,51,19,48.875,162,249,3649.678695678711,OFF,OFF,OFF,ON,OFF,OFF,OFF,OFF,OFF,Night mode,OFF,ON,ON,Pressed,Not pressed,Not pressed,OFF,OFF,OFF,0,29.0,-321,193,162,95,No Fault,0,161,161,30.86,28.69,1006,Load_Mode,Not_PreCharge,2538.8,5099.1,12.200000000000001,OFF,OFF,OFF,OFF,OFF,No error,ON,29,3,R_position,0,3254.6000000000004,3258.5,3258.9,3259.3,3.5,43,0,1072.6000000000001,3258.6000000000004,3259.3,3260.0,3260.5,3260.2000000000003,3255.4,0.0,55.1,3260.2000000000003,3262.2000000000003,3262.1000000000004,3260.8,3258.9,0.0,0.0,0.1,0.1,0.2,0.1,0.1,0,2,0,3,1,1,2,2,3254.6000000000004,3262.2000000000003,3259.3,-3,-2,100.60000000000001,326.0,326.0,48.900000000000006,225.9,225.9,1,3350.0,1,0,0,1,0,0,0,1,0,0,1,0,0.0,184.4,711480,100.0,Active,51,0,1,0,0,0,1,1,0,0,1,1,0,1,54.800000000000004,0.0,Enable,28.0,5,75.0,0,0,-400.0,4700,-1100,0,0,184,0,0.0,0,0,26.4375,-14.8125,26.25,-14.0625,0.375,-1.1875,0.0625,-1.0,0,0,0,0.0,16,16,16,16,16,16,19,0,17,16,11,11,6,255,0,0,0,1,0,1,1,0.8,3,2009
2025-02-25 10:29:26,0x191AFF71,True,can0,8,39.747911333333334,30.474880166666665,819.2,12.71,-0.07,0,user1,t_0,00:32,100,18 saat 33 dakika,['1000 km bakımı: Servise gidin.'],68.0,-68.0,Enabled,2,7,14,51,19,48.875,7,94,3641.6576385498047,OFF,OFF,OFF,ON,OFF,OFF,OFF,OFF,OFF,Night mode,OFF,ON,ON,Pressed,Not pressed,Not pressed,OFF,OFF,OFF,0,29.0,-167,193,7,95,No Fault,0,166,166,30.86,28.69,1006,Load_Mode,Not_PreCharge,2539.0,5099.0,12.200000000000001,OFF,OFF,OFF,OFF,OFF,No error,ON,29,3,R_position,0,3256.1000000000004,3260.0,3260.3,3260.7000000000003,2.0,43,0,1072.6000000000001,3260.0,3260.7000000000003,3261.4,3262.0,3261.6000000000004,3256.8,0.0,55.1,3261.6000000000004,3263.5,3263.5,3262.2000000000003,3260.3,0.0,0.0,0.1,0.1,0.2,0.1,0.1,0,2,0,3,1,1,2,2,3256.1000000000004,3263.5,3260.7000000000003,-3,-2,100.60000000000001,326.0,326.0,48.900000000000006,225.9,225.9,1,3350.0,1,0,0,1,0,0,0,1,0,0,1,0,0.0,184.4,711480,100.0,Active,51,0,1,0,0,0,1,1,0,0,1,1,0,1,54.800000000000004,0.0,Enable,28.0,5,75.0,0,0,-400.0,4700,-1100,0,0,184,0,0.0,0,0,21.9375,191.9375,21.8125,184.8125,0.5,-0.3125,0.03125,30.0,0,0,0,0.0,14,14,14,14,14,14,19,0,17,16,11,11,3,255,0,0,0,1,0,1,1,0.8,3,2009
2025-02-25 10:29:27,0x191AFF71,True,can0,8,39.74791066666667,30.474888666666665,819.6,12.71,-0.07,2,user1,t_0,00:32,100,18 saat 43 dakika,['1000 km bakımı: Servise gidin.'],68.0,-68.0,Enabled,2,107,114,51,19,48.875,107,194,3639.882843017578,OFF,OFF,OFF,ON,OFF,OFF,OFF,OFF,OFF,Night mode,OFF,ON,ON,Not pressed,Pressed,Not pressed,OFF,OFF,OFF,0,29.0,6,193,107,113,No Fault,0,171,171,30.86,28.69,1006,Load_Mode,Not_PreCharge,2538.6000000000004,5099.200000000001,12.100000000000001,OFF,OFF,OFF,OFF,OFF,No error,ON,29,3,N_position,0,3257.0,3260.8,3261.1000000000004,3261.6000000000004,25.5,43,0,1072.6000000000001,3260.8,3261.5,3262.3,3262.8,3262.4,3257.6000000000004,0.0,55.1,3262.4,3264.3,3264.4,3263.1000000000004,3261.1000000000004,0.0,0.0,0.1,0.1,0.2,0.1,0.1,0,2,0,3,1,1,2,3,3257.0,3264.4,3261.5,-3,-2,100.60000000000001,326.0,326.0,48.900000000000006,225.9,225.9,1,3350.0,1,0,0,1,0,0,0,1,0,0,1,0,0.0,184.4,711480,100.0,Active,51,0,1,0,0,0,1,1,0,0,1,1,0,1,54.800000000000004,0.0,Enable,28.0,5,75.0,0,0,-400.0,4700,-1100,0,0,184,0,0.0,0,0,21.8125,191.9375,21.8125,184.8125,0.4375,0.0625,0.0234375,30.0,0,0,0,0.0,13,13,14,13,13,13,19,0,17,16,11,11,2,255,0,0,0,1,0,1,1,0.8,3,2009
2025-02-25 10:29:28,0x191171FA,True,can0,8,39.74791116666667,30.474892,819.6,13.33,-0.07,2,user1,t_0,00:32,100,24 saat 5 dakika,['1000 km bakımı: Servise gidin.'],68.0,-68.0,Enabled,2,206,213,51,19,48.8125,206,36,3640.0763092041016,OFF,OFF,OFF,ON,OFF,OFF,OFF,OFF,OFF,Night mode,OFF,ON,ON,Not pressed,Pressed,Not pressed,OFF,OFF,OFF,0,11.0,19,11,206,156,No Fault,0,176,176,30.86,28.69,1006,Load_Mode,Not_PreCharge,2527.5,5099.400000000001,9.4,OFF,OFF,OFF,OFF,OFF,No error,ON,29,2,D_Posiiton,0,3254.9,3258.9,3259.2000000000003,3259.7000000000003,25.5,43,0,1072.6000000000001,3259.0,3258.0,3260.3,3260.8,3260.6000000000004,3255.7000000000003,0.0,55.1,3260.5,3262.6000000000004,3262.6000000000004,3261.2000000000003,3259.3,0.0,0.0,0.1,0.1,0.2,0.1,0.1,0,2,0,3,1,1,2,2,3254.9,3262.6000000000004,3259.5,-3,-2,100.60000000000001,326.0,326.0,48.900000000000006,225.9,225.9,1,3350.0,1,0,0,1,0,0,0,1,0,0,1,0,0.0,184.4,711480,100.0,Active,51,0,1,0,0,0,1,1,0,0,1,1,0,1,54.800000000000004,0.0,Enable,13.0,5,75.0,0,0,-400.0,4700,-1100,0,0,184,0,0.0,0,0,48.0,87.625,48.4375,86.9375,0.4375,0.8125,0.046875,6.0,0,0,0,0.0,13,13,13,13,13,13,19,0,17,15,11,11,2,255,0,0,0,1,0,1,1,0.8,3,2009
2025-02-25 10:29:29,0x00000A0E,True,can0,8,39.747911,30.474891333333332,820.0,13.33,-0.07,4,user1,t_0,00:32,100,False,['1000 km bakımı: Servise gidin.'],68.0,-68.0,Enabled,2,47,54,51,19,48.5625,46,128,3643.657974243164,OFF,OFF,OFF,ON,OFF,OFF,OFF,OFF,OFF,Night mode,OFF,ON,ON,Not pressed,Pressed,Not pressed,OFF,OFF,OFF,0,24.0,205,31,47,156,No Fault,0,181,181,30.86,28.69,1006,Load_Mode,Not_PreCharge,2447.1,5099.1,-10.3,OFF,OFF,OFF,OFF,OFF,No error,ON,29,3,D_Posiiton,0,3236.9,3241.7000000000003,3241.7000000000003,3241.8,2.0,43,0,1072.6000000000001,3241.4,3240.3,3243.8,3244.1000000000004,3243.9,3237.8,0.1,55.1,3243.7000000000003,3245.1000000000004,3245.8,3243.5,3242.1000000000004,0.0,0.0,0.1,0.1,0.2,0.1,0.1,0,2,0,3,1,1,2,3,3236.9,3245.8,3242.2000000000003,-3,-2,100.60000000000001,326.0,326.0,48.6,225.9,225.9,1,3350.0,1,0,0,1,0,0,0,1,0,0,1,0,0.0,184.4,711480,100.0,Active,51,0,1,0,0,0,1,1,0,0,1,1,0,1,54.800000000000004,0.0,Enable,25.0,5,75.0,0,0,-400.0,4700,-1100,0,0,184,0,0.0,0,0,94.875,153.3125,95.25,153.75,0.1875,2.375,0.12109375,23.0,0,0,0,0.0,17,17,17,16,16,16,19,0,17,15,11,11,4,255,0,0,0,1,0,1,1,0.8,3,2009
2025-02-25 10:29:30,0x191AFF71,True,can0,8,39.7479095,30.474888,820.0,13.16,-0.07,6,user1,t_0,00:32,100,False,['1000 km bakımı: Servise gidin.'],68.0,-68.0,Enabled,2,151,158,51,19,48.25,151,228,3654.894500732422,OFF,OFF,OFF,ON,OFF,OFF,OFF,OFF,OFF,Night mode,OFF,ON,ON,Not pressed,Pressed,Not pressed,OFF,OFF,OFF,0,28.0,426,53,151,56,No Fault,0,186,186,30.86,28.69,1006,Load_Mode,Not_PreCharge,2376.0,5099.0,-27.700000000000003,OFF,OFF,OFF,OFF,OFF,No error,ON,29,3,D_Posiiton,0,3213.6000000000004,3217.3,3218.0,3219.0,4.5,43,0,1072.6000000000001,3216.9,3218.3,3221.5,3220.7000000000003,3221.0,3215.1000000000004,0.0,55.1,3221.2000000000003,3221.0,3223.0,3220.9,3217.8,0.0,0.0,0.1,0.1,0.2,0.1,0.1,0,2,0,3,1,1,2,3,3213.6000000000004,3223.0,3219.0,-3,-2,100.60000000000001,326.0,326.0,48.300000000000004,225.9,225.9,1,3350.0,1,0,0,1,0,0,0,1,0,0,1,0,0.0,184.4,711480,100.0,Active,51,0,1,0,0,0,1,1,0,0,1,1,0,1,54.800000000000004,0.0,Enable,28.0,5,75.0,0,0,-400.0,4700,-1100,0,0,184,0,0.0,0,0,103.8125,171.8125,103.0625,171.625,0.25,3.8125,0.19140625,27.0,0,0,0,0.0,20,20,20,19,19,19,19,0,17,16,11,11,8,255,0,0,0,1,0,1,1,0.8,3,2009
2025-02-25 10:29:31,0x191AFF71,True,can0,8,39.74790383333333,30.474882333333333,819.3,13.16,-0.07,6,user1,t_0,00:32,100,False,['1000 km bakımı: Servise gidin.'],68.0,-68.0,Enabled,2,251,2,51,19,47.9375,251,66,3673.0052947998047,OFF,OFF,OFF,ON,OFF,OFF,OFF,OFF,OFF,Night mode,OFF,ON,ON,Not pressed,Pressed,Not pressed,OFF,OFF,OFF,0,28.0,645,70,251,137,No Fault,0,191,191,30.85,28.68,1006,Load_Mode,Not_PreCharge,2310.2000000000003,5098.5,-43.800000000000004,OFF,OFF,OFF,OFF,OFF,No error,ON,29,3,D_Posiiton,0,3192.8,3196.7000000000003,3197.7000000000003,3198.8,7.5,43,0,1072.6000000000001,3196.9,3199.4,3202.2000000000003,3200.9,3201.6000000000004,3194.9,0.0,55.1,3201.7000000000003,3200.8,3203.5,3200.9,3197.9,0.0,0.0,0.1,0.1,0.2,0.1,0.1,0,2,0,3,1,1,2,3,3192.8,3203.5,3199.1000000000004,-3,-2,100.60000000000001,326.0,326.0,48.0,225.9,225.9,1,3350.0,1,0,0,1,0,0,0,1,0,0,1,0,0.0,184.3,711480,100.0,Active,51,0,1,0,0,0,1,1,0,0,1,1,0,1,54.800000000000004,0.0,Enable,28.0,5,75.0,0,0,-400.0,4700,-1100,0,0,184,0,0.0,0,0,103.75,175.75,105.0625,175.625,-0.0625,5.4375,0.27734375,28.0,0,0,0,0.0,22,22,23,22,22,22,19,0,17,16,11,11,10,255,0,0,0,1,0,1,1,0.8,3,2009
2025-02-25 10:29:32,0x1918FF71,True,can0,8,39.74789033333333,30.474877666666668,818.3,12.14,-0.07,7,user1,t_0,00:32,100,False,['1000 km bakımı: Servise gidin.'],68.0,-68.0,Enabled,2,94,101,51,19,47.625,94,160,3699.0316467285156,OFF,OFF,OFF,ON,OFF,OFF,OFF,OFF,OFF,Night mode,OFF,ON,ON,Not pressed,Pressed,Not pressed,OFF,OFF,OFF,0,31.0,893,100,95,52,No Fault,0,196,196,30.85,28.68,1006,Load_Mode,Not_PreCharge,2204.0,5098.1,-69.8,OFF,OFF,OFF,OFF,OFF,No error,ON,29,3,D_Posiiton,0,3165.4,3168.8,3169.3,3171.9,10.0,43,0,1072.6000000000001,3167.9,3169.7000000000003,3175.2000000000003,3173.6000000000004,3174.2000000000003,3168.2000000000003,0.2,55.1,3175.2000000000003,3173.2000000000003,3176.0,3173.9,3169.2000000000003,0.0,0.1,0.1,0.1,0.2,0.1,0.1,0,2,0,3,1,1,2,3,3165.4,3176.0,3171.4,-3,-2,100.60000000000001,326.0,326.0,47.6,225.9,225.9,1,3350.0,1,0,0,1,0,0,0,1,0,0,1,0,0.0,184.3,711480,100.0,Active,51,0,1,0,0,0,1,1,0,0,1,1,0,1,54.800000000000004,0.0,Enable,31.0,5,75.0,0,0,-400.0,4700,-1100,0,0,184,0,0.0,0,0,109.5,193.875,110.5625,192.125,-0.125,7.875,0.40625,31.0,0,0,0,0.0,24,24,24,23,23,23,19,0,17,17,11,11,12,255,0,0,0,1,0,1,1,0.8,3,2009
2025-02-25 10:29:33,0x191AFF71,True,can0,8,39.7478695,30.474877833333334,818.2,12.14,-0.07,7,user1,t_0,00:32,100,False,['1000 km bakımı: Servise gidin.'],68.0,-68.0,Enabled,2,195,202,51,19,46.875,195,249,3734.3821411132812,OFF,OFF,OFF,ON,OFF,OFF,OFF,OFF,OFF,Night mode,OFF,ON,ON,Not pressed,Pressed,Not pressed,OFF,OFF,OFF,0,33.0,1208,135,195,24,No Fault,0,201,201,30.84,28.67,1005,Load_Mode,Not_PreCharge,2087.0,5098.200000000001,-98.4,OFF,OFF,OFF,OFF,OFF,No error,ON,29,3,D_Posiiton,0,3135.4,3141.4,3138.9,3145.3,13.5,43,0,1072.6000000000001,3138.0,3121.1000000000004,3143.7000000000003,3146.5,3145.0,3142.1000000000004,0.0,55.1,3145.9,3146.0,3147.4,3147.2000000000003,3139.9,0.0,0.1,0.1,0.1,0.1,0.1,0.1,0,2,0,3,1,6,2,3,3121.1000000000004,3147.4,3141.5,-3,-2,100.5,326.0,326.0,47.1,225.9,225.9,1,3350.0,1,0,0,1,0,0,0,1,0,0,1,0,0.0,184.3,711480,100.0,Active,51,0,1,0,0,0,1,1,0,0,1,1,0,1,54.800000000000004,0.0,Enable,33.0,5,75.0,0,0,-400.0,4700,-1100,0,0,184,0,0.0,0,0,111.625,192.4375,110.5625,191.3125,-0.375,9.3125,0.48046875,31.0,0,0,0,0.0,26,26,26,25,25,25,19,0,18,18,11,12,14,255,0,0,0,1,0,1,1,0.8,3,2009
2025-02-25 10:29:34,0x191AFF71,True,can0,8,39.747842,30.474875833333332,818.6,13.21,-0.07,11,user1,t_0,00:32,100,False,['1000 km bakımı: Servise gidin.'],68.0,-68.0,Enabled,2,39,46,51,19,46.5625,39,88,3780.392868041992,OFF,OFF,OFF,ON,OFF,OFF,OFF,OFF,OFF,Night mode,OFF,ON,ON,Not pressed,Pressed,Not pressed,OFF,OFF,OFF,0,34.0,1543,173,39,3,No Fault,0,206,206,30.830000000000002,28.66,1005,Load_Mode,Not_PreCharge,1923.3000000000002,5097.5,-138.6,OFF,OFF,OFF,OFF,OFF,No error,ON,29,3,D_Posiiton,0,3094.3,3101.1000000000004,3101.3,3108.0,17.5,42,0,1072.6000000000001,3099.4,3080.1000000000004,3103.3,3107.4,3108.4,3104.9,0.0,55.1,3106.2000000000003,3106.6000000000004,3110.4,3110.1000000000004,3101.6000000000004,0.0,0.2,0.1,0.1,0.2,0.1,0.1,0,2,0,3,1,6,2,3,3080.1000000000004,3110.4,3102.8,-3,-2,100.5,326.0,326.0,46.5,225.9,225.9,1,3350.0,1,0,0,1,0,0,0,1,0,0,1,0,0.0,184.10000000000002,711480,100.0,Active,51,0,1,0,0,0,1,1,0,0,1,1,0,1,54.800000000000004,0.0,Enable,34.0,5,75.0,0,0,-400.0,4700,-1100,0,0,184,0,0.0,0,0,114.625,214.5,115.375,207.5,-1.4375,12.125,0.64453125,34.0,0,0,0,0.0,28,28,28,27,27,27,19,0,18,18,11,12,16,255,0,0,0,1,0,1,1,0.8,3,2009
2025-02-25 10:29:35,0x00000401,False,can0,3,39.74780766666667,30.474872833333333,817.9,13.21,-0.07,13,user1,t_0,00:32,100,False,['1000 km bakımı: Servise gidin.'],56.75,-56.75,Enabled,2,139,148,52,19,45.625,138,173,3837.746871948242,OFF,OFF,OFF,ON,OFF,OFF,OFF,OFF,OFF,Night mode,OFF,ON,ON,Not pressed,Pressed,Not pressed,OFF,OFF,OFF,0,34.0,1869,201,139,202,No Fault,0,211,211,30.810000000000002,28.64,1005,Load_Mode,Not_PreCharge,1816.4,5097.200000000001,-164.70000000000002,OFF,OFF,OFF,OFF,OFF,No error,ON,29,3,D_Posiiton,0,3063.4,3069.5,3065.2000000000003,3072.7000000000003,21.5,42,0,1072.6000000000001,3069.5,3056.0,3073.3,3075.5,3073.1000000000004,3069.4,0.1,55.1,3076.7000000000003,3075.1000000000004,3076.3,3074.9,3071.5,0.0,0.0,0.1,0.1,0.1,0.1,0.1,0,2,0,3,1,6,2,1,3056.0,3076.7000000000003,3070.8,-3,-2,100.5,326.0,326.0,46.1,225.9,225.9,1,3350.0,1,0,0,1,0,0,0,1,0,0,1,0,0.0,184.0,711480,100.0,Active,51,0,1,0,0,0,1,1,0,0,1,1,0,1,54.800000000000004,0.0,Enable,34.0,5,75.0,0,0,-400.0,4700,-1100,0,0,184,0,0.0,0,0,117.5,201.0625,115.375,207.5,-1.6875,15.0,0.80078125,34.0,0,0,0,0.0,30,29,30,28,28,28,19,0,18,19,11,12,17,255,0,0,0,1,0,1,1,0.8,3,2009
2025-02-25 10:29:36,0x00000A0B,True,can0,8,39.747763666666664,30.474870833333334,818.2,13.17,-0.07,11,user1,t_0,00:32,100,False,['1000 km bakımı: Servise gidin.'],45.0,-45.0,Enabled,2,235,244,52,19,45.5,235,12,3902.7264404296875,OFF,OFF,OFF,ON,OFF,OFF,OFF,OFF,OFF,Night mode,OFF,ON,ON,Not pressed,Pressed,Not pressed,OFF,OFF,OFF,0,29.0,2159,192,235,243,No Fault,0,216,216,30.8,28.63,1004,Load_Mode,Not_PreCharge,1810.3000000000002,5097.0,-166.10000000000002,OFF,OFF,OFF,OFF,OFF,No error,ON,29,3,D_Posiiton,0,3052.7000000000003,3059.8,3062.7000000000003,3062.1000000000004,25.0,42,0,1072.6000000000001,3057.9,3039.7000000000003,3065.0,3066.4,3069.9,3058.6000000000004,0.4,55.1,3067.0,3065.9,3072.0,3064.9,3060.2000000000003,0.0,0.0,0.1,0.1,0.2,0.1,0.1,0,2,0,3,1,6,2,1,3038.1000000000004,3067.2000000000003,3059.3,-3,-2,100.4,326.0,326.0,45.900000000000006,225.9,225.9,1,3350.0,1,0,0,1,0,0,0,1,0,0,1,0,0.0,183.9,711459,100.0,Active,51,0,1,0,0,0,1,1,0,0,1,1,0,1,54.800000000000004,0.0,Enable,29.0,5,75.0,0,0,-400.0,4700,-1100,0,0,183,0,0.0,0,0,94.0,191.9375,109.0,184.8125,-0.8125,16.25,0.87890625,30.0,0,0,0,0.0,30,30,30,29,29,29,19,0,19,20,11,12,18,255,0,0,0,1,0,1,1,0.8,3,2009
2025-02-25 10:29:37,0x191CFF71,True,can0,8,39.747763666666664,30.474870833333334,818.2,13.17,-0.07,11,user1,t_0,00:32,100,False,['1000 km bakımı: Servise gidin.'],42.625,-42.625,Enabled,2,252,5,52,19,44.75,252,17,3915.876174926758,OFF,OFF,OFF,ON,OFF,OFF,OFF,OFF,OFF,Night mode,OFF,ON,ON,Not pressed,Pressed,Not pressed,OFF,OFF,OFF,0,29.0,2208,193,252,54,No Fault,0,217,217,30.79,28.62,1004,Load_Mode,Not_PreCharge,1785.2,5097.200000000001,-172.3,OFF,OFF,OFF,OFF,OFF,No error,ON,29,3,D_Posiiton,0,3059.9,3065.3,3059.8,3061.3,25.5,42,0,1072.6000000000001,3061.6000000000004,3057.2000000000003,3071.4,3072.1000000000004,3067.5,3058.6000000000004,0.0,55.1,3074.0,3071.5,3071.2000000000003,3064.1000000000004,3063.8,0.0,0.0,0.1,0.1,0.2,0.1,0.1,0,2,0,3,1,6,2,1,3057.2000000000003,3074.0,3065.2000000000003,-3,-2,100.4,326.0,326.0,46.0,225.9,225.9,1,3350.0,1,0,0,1,0,0,0,1,0,0,1,0,0.0,183.9,711460,100.0,Active,51,0,1,0,0,0,1,1,0,0,1,1,0,1,54.800000000000004,0.0,Enable,28.0,5,75.0,0,0,-400.0,4700,-1100,0,0,183,0,0.0,0,0,94.0,191.9375,109.0,184.8125,-0.8125,16.25,0.87890625,30.0,0,0,0,0.0,30,30,30,29,29,29,19,0,19,20,11,12,18,255,0,0,0,1,0,1,1,0.8,3,2009
